name,price,mrp,rating,url
"Chanak Premium Metal Die-Cast Sports Racer Metal Car with Realistic Engine Sound, LED Lights, Open & Close Doors, Pull Back Car Zinc Alloy for Kids Above 3 Years, BIS Approved (Black)",399,₹999,3.5 out of 5 stars,https://amazon.in/sspa/click?ie=UTF8&spc=MTo2ODExMDIzNzAzODIwNTQyOjE3Njc2MTg1ODc6c3BfcGhvbmVfc2VhcmNoX2F0ZjozMDA1NzAxMDUwMjk5MzI6OjA6Og&url=%2FChanak-Premium-Die-Cast-Realistic-Approved%2Fdp%2FB0CMJ7T5J2%2Fref%3Dmp_s_a_1_1_sspa%3Fdib%3DeyJ2IjoiMSJ9.OJ5PURluPSfMRxByV5g_YYoaqL76sdsfwGHWvxnNA1Wi13TOEYFgxyM1w1FfOf5Sr1_126dLoId-3gnGDxZDptZOPeKo8gacD4qCHwFTrByaCVih4AFiUeVbMBSKKTFp4UUNM0xbtpVKxbYZcQhjcAkTRjmfaGJBtVF0cULp-NwKEGHuXrGJme9eK4vra5f3_Q1TNhBGPsBkHp7JN-IXxA.ilQKBDbvzQMjnLcxU1R1lDU-Z7Yu6ldJyXDElTasEPI%26dib_tag%3Dse%26keywords%3Dtoy%2Bcars%26qid%3D1767618587%26sr%3D8-1-spons%26aref%3DHj5quJY3HO%26sp_csd%3Dd2lkZ2V0TmFtZT1zcF9waG9uZV9zZWFyY2hfYXRm%26psc%3D1&aref=Hj5quJY3HO&sp_cr=ZAZ
"Wembley Metal Die Cast BMW Toy Car for Kids | 1:32 Scale Diecast Model Car Toy Vehicle with Openable Doors, Light & Engine Sound | Pull Back Action Realistic Collectibles Boys Toys",799,"₹1,699",4.5 out of 5 stars,https://amazon.in/sspa/click?ie=UTF8&spc=MTo2ODExMDIzNzAzODIwNTQyOjE3Njc2MTg1ODc6c3BfcGhvbmVfc2VhcmNoX2F0ZjozMDA4MTMxMTkyMjM0MzI6OjA6Og&url=%2FWembley-Pull-Back-Die-cast-Model%2Fdp%2FB0D94GHLNQ%2Fref%3Dmp_s_a_1_2_sspa%3Fdib%3DeyJ2IjoiMSJ9.OJ5PURluPSfMRxByV5g_YYoaqL76sdsfwGHWvxnNA1Wi13TOEYFgxyM1w1FfOf5Sr1_126dLoId-3gnGDxZDptZOPeKo8gacD4qCHwFTrByaCVih4AFiUeVbMBSKKTFp4UUNM0xbtpVKxbYZcQhjcAkTRjmfaGJBtVF0cULp-NwKEGHuXrGJme9eK4vra5f3_Q1TNhBGPsBkHp7JN-IXxA.ilQKBDbvzQMjnLcxU1R1lDU-Z7Yu6ldJyXDElTasEPI%26dib_tag%3Dse%26keywords%3Dtoy%2Bcars%26qid%3D1767618587%26sr%3D8-2-spons%26aref%3DkcM5pscMZ8%26sp_csd%3Dd2lkZ2V0TmFtZT1zcF9waG9uZV9zZWFyY2hfYXRm%26psc%3D1&aref=kcM5pscMZ8&sp_cr=ZAZ
GRAPHENE 1:32 Scale DieCast Metal Pull Back Action Openable Doors 4x4 Thar/Jeep Premium Car Toy with Lights and Music for Kids Realistic Miniature Model Gift 2+yrs Girls Boys Random Colors,319,₹999,3.9 out of 5 stars,https://amazon.in/GRAPHENE-Pull-Back-Realistic-Miniature-Multicolor/dp/B0DFY9YY73/ref=mp_s_a_1_3?dib=eyJ2IjoiMSJ9.OJ5PURluPSfMRxByV5g_YYoaqL76sdsfwGHWvxnNA1Wi13TOEYFgxyM1w1FfOf5Sr1_126dLoId-3gnGDxZDptZOPeKo8gacD4qCHwFTrByaCVih4AFiUeVbMBSKKTFp4UUNM0xbtpVKxbYZcQhjcAkTRjmfaGJBtVF0cULp-NwKEGHuXrGJme9eK4vra5f3_Q1TNhBGPsBkHp7JN-IXxA.ilQKBDbvzQMjnLcxU1R1lDU-Z7Yu6ldJyXDElTasEPI&dib_tag=se&keywords=toy+cars&qid=1767618587&sr=8-3
GRAPHENE 1:32 Scale Rolls Royac Phantom Car Pull Back Action Vehicles Diecast Exclusive Zinc Alloy Metal Toy Model Car with Openable Door and Sound Light Gifts Toys for Kids Toddlers,329,₹999,3.9 out of 5 stars,https://amazon.in/GRAPHENE-Vehicles-Exclusive-Openable-Toddlers/dp/B0FDB9RHBQ/ref=mp_s_a_1_4?dib=eyJ2IjoiMSJ9.OJ5PURluPSfMRxByV5g_YYoaqL76sdsfwGHWvxnNA1Wi13TOEYFgxyM1w1FfOf5Sr1_126dLoId-3gnGDxZDptZOPeKo8gacD4qCHwFTrByaCVih4AFiUeVbMBSKKTFp4UUNM0xbtpVKxbYZcQhjcAkTRjmfaGJBtVF0cULp-NwKEGHuXrGJme9eK4vra5f3_Q1TNhBGPsBkHp7JN-IXxA.ilQKBDbvzQMjnLcxU1R1lDU-Z7Yu6ldJyXDElTasEPI&dib_tag=se&keywords=toy+cars&qid=1767618587&sr=8-4
"Galaxy Hi-Tech Mini Metal Die Cast Car Toy Vehicle Play Set, Free Wheel High Speed Unbreakable, Small Racing Movie Vehicle Car for Exciting Playtime Adventures for Kid, Multicolor, Set of 6",333,"₹1,999",4.1 out of 5 stars,https://amazon.in/Galaxy-Hi-Tech-Unbreakable-Adventures-Multicolor/dp/B0D5B81RCT/ref=mp_s_a_1_5?dib=eyJ2IjoiMSJ9.OJ5PURluPSfMRxByV5g_YYoaqL76sdsfwGHWvxnNA1Wi13TOEYFgxyM1w1FfOf5Sr1_126dLoId-3gnGDxZDptZOPeKo8gacD4qCHwFTrByaCVih4AFiUeVbMBSKKTFp4UUNM0xbtpVKxbYZcQhjcAkTRjmfaGJBtVF0cULp-NwKEGHuXrGJme9eK4vra5f3_Q1TNhBGPsBkHp7JN-IXxA.ilQKBDbvzQMjnLcxU1R1lDU-Z7Yu6ldJyXDElTasEPI&dib_tag=se&keywords=toy+cars&qid=1767618587&sr=8-5
"Pull Back Cars Set, 48 Pieces Alloy Racing Car Toys, Metal Trucks Toy Vehicles, for Kids Ages 3-8, Party Favors","1,699","₹4,999",,https://amazon.in/sspa/click?ie=UTF8&spc=MTo2ODExMDIzNzAzODIwNTQyOjE3Njc2MTg1ODc6c3BfcGhvbmVfc2VhcmNoX210ZjozMDA4NzUyNTQxMTM3MzI6OjA6Og&url=%2FSQURY-Pieces-Racing-Trucks-Vehicles%2Fdp%2FB0G71N9TFG%2Fref%3Dmp_s_a_1_6_sspa%3Fdib%3DeyJ2IjoiMSJ9.OJ5PURluPSfMRxByV5g_YYoaqL76sdsfwGHWvxnNA1Wi13TOEYFgxyM1w1FfOf5Sr1_126dLoId-3gnGDxZDptZOPeKo8gacD4qCHwFTrByaCVih4AFiUeVbMBSKKTFp4UUNM0xbtpVKxbYZcQhjcAkTRjmfaGJBtVF0cULp-NwKEGHuXrGJme9eK4vra5f3_Q1TNhBGPsBkHp7JN-IXxA.ilQKBDbvzQMjnLcxU1R1lDU-Z7Yu6ldJyXDElTasEPI%26dib_tag%3Dse%26keywords%3Dtoy%2Bcars%26qid%3D1767618587%26sr%3D8-6-spons%26aref%3DuiL3OWczq3%26sp_csd%3Dd2lkZ2V0TmFtZT1zcF9waG9uZV9zZWFyY2hfbXRm%26psc%3D1&aref=uiL3OWczq3&sp_cr=ZAZ
"Vintage Die-Cast Car Model 1:32 Scale | Alloy Metal Car with Openable Doors, Hood & Trunk | LED Headlight & Taillight with Sound | Pull Back & Go Toy for Kids & Collectors (Black)",999,"₹1,469",5.0 out of 5 stars,https://amazon.in/sspa/click?ie=UTF8&spc=MTo2ODExMDIzNzAzODIwNTQyOjE3Njc2MTg1ODc6c3BfcGhvbmVfc2VhcmNoX210ZjozMDA4NzYxNDk4Mzg5MzI6OjA6Og&url=%2FHAPPY-CHAPPIE-Headlight-Taillight-Collectors%2Fdp%2FB0G5PV1NHQ%2Fref%3Dmp_s_a_1_7_sspa%3Fdib%3DeyJ2IjoiMSJ9.OJ5PURluPSfMRxByV5g_YYoaqL76sdsfwGHWvxnNA1Wi13TOEYFgxyM1w1FfOf5Sr1_126dLoId-3gnGDxZDptZOPeKo8gacD4qCHwFTrByaCVih4AFiUeVbMBSKKTFp4UUNM0xbtpVKxbYZcQhjcAkTRjmfaGJBtVF0cULp-NwKEGHuXrGJme9eK4vra5f3_Q1TNhBGPsBkHp7JN-IXxA.ilQKBDbvzQMjnLcxU1R1lDU-Z7Yu6ldJyXDElTasEPI%26dib_tag%3Dse%26keywords%3Dtoy%2Bcars%26qid%3D1767618587%26sr%3D8-7-spons%26aref%3DXtEKdcb5dp%26sp_csd%3Dd2lkZ2V0TmFtZT1zcF9waG9uZV9zZWFyY2hfbXRm%26psc%3D1&aref=XtEKdcb5dp&sp_cr=ZAZ
"Amitasha 10 Unbreakable Racing Mini Diecast Car Models Set for Kids Pull Back Vehicles Metal Alloy Car Play Set for Kids, Unique Toys, Best Birthday Gift, Diwali Gift, Khilona for Boys(Racing Cars)",249,₹999,3.7 out of 5 stars,https://amazon.in/Amitasha-Unbreakable-Diecast-Vehicles-Birthday/dp/B0D6GPHJYL/ref=mp_s_a_1_8?dib=eyJ2IjoiMSJ9.OJ5PURluPSfMRxByV5g_YYoaqL76sdsfwGHWvxnNA1Wi13TOEYFgxyM1w1FfOf5Sr1_126dLoId-3gnGDxZDptZOPeKo8gacD4qCHwFTrByaCVih4AFiUeVbMBSKKTFp4UUNM0xbtpVKxbYZcQhjcAkTRjmfaGJBtVF0cULp-NwKEGHuXrGJme9eK4vra5f3_Q1TNhBGPsBkHp7JN-IXxA.ilQKBDbvzQMjnLcxU1R1lDU-Z7Yu6ldJyXDElTasEPI&dib_tag=se&keywords=toy+cars&qid=1767618587&sr=8-8
"Krasa Centy Plastic Toys Ambassador Car, Multi Color - Kids",209,₹232,4.0 out of 5 stars,https://amazon.in/Centy-Toys-CT-074-Ambassador-Car/dp/B00ET0TU4E/ref=mp_s_a_1_9?dib=eyJ2IjoiMSJ9.OJ5PURluPSfMRxByV5g_YYoaqL76sdsfwGHWvxnNA1Wi13TOEYFgxyM1w1FfOf5Sr1_126dLoId-3gnGDxZDptZOPeKo8gacD4qCHwFTrByaCVih4AFiUeVbMBSKKTFp4UUNM0xbtpVKxbYZcQhjcAkTRjmfaGJBtVF0cULp-NwKEGHuXrGJme9eK4vra5f3_Q1TNhBGPsBkHp7JN-IXxA.ilQKBDbvzQMjnLcxU1R1lDU-Z7Yu6ldJyXDElTasEPI&dib_tag=se&keywords=toy+cars&qid=1767618587&sr=8-9
GRAPHENE 4WD Friction Powered Monster Truck Toy Push & Go Off-Road Car for Kids Amazing 360° Stunts All-Terrain Grip Vibrant Colors for Boys Girls Birthday Christmas Fun Play,64,₹199,3.9 out of 5 stars,https://amazon.in/GRAPHENE-Friction-Off-Road-All-Terrain-Christmas/dp/B0CDSBQ9FH/ref=mp_s_a_1_10?dib=eyJ2IjoiMSJ9.OJ5PURluPSfMRxByV5g_YYoaqL76sdsfwGHWvxnNA1Wi13TOEYFgxyM1w1FfOf5Sr1_126dLoId-3gnGDxZDptZOPeKo8gacD4qCHwFTrByaCVih4AFiUeVbMBSKKTFp4UUNM0xbtpVKxbYZcQhjcAkTRjmfaGJBtVF0cULp-NwKEGHuXrGJme9eK4vra5f3_Q1TNhBGPsBkHp7JN-IXxA.ilQKBDbvzQMjnLcxU1R1lDU-Z7Yu6ldJyXDElTasEPI&dib_tag=se&keywords=toy+cars&qid=1767618587&sr=8-10
Amazon Brand – Metal Die Cast 1:37 Bug | Orange | Collectible & Durable,369,"₹1,099",4.1 out of 5 stars,https://amazon.in/sspa/click?ie=UTF8&spc=MTo2ODExMDIzNzAzODIwNTQyOjE3Njc2MTg1ODc6c3BfcGhvbmVfc2VhcmNoX210ZjozMDA3NTEwODA5OTk2MzI6OjA6Og&url=%2FAmazon-Brand-Orange-Collectible-Durable%2Fdp%2FB0FKZ42MJQ%2Fref%3Dmp_s_a_1_11_sspa%3Fdib%3DeyJ2IjoiMSJ9.OJ5PURluPSfMRxByV5g_YYoaqL76sdsfwGHWvxnNA1Wi13TOEYFgxyM1w1FfOf5Sr1_126dLoId-3gnGDxZDptZOPeKo8gacD4qCHwFTrByaCVih4AFiUeVbMBSKKTFp4UUNM0xbtpVKxbYZcQhjcAkTRjmfaGJBtVF0cULp-NwKEGHuXrGJme9eK4vra5f3_Q1TNhBGPsBkHp7JN-IXxA.ilQKBDbvzQMjnLcxU1R1lDU-Z7Yu6ldJyXDElTasEPI%26dib_tag%3Dse%26keywords%3Dtoy%2Bcars%26qid%3D1767618587%26sr%3D8-11-spons%26aref%3DQrc6nb0E8C%26sp_csd%3Dd2lkZ2V0TmFtZT1zcF9waG9uZV9zZWFyY2hfbXRm%26psc%3D1&aref=Qrc6nb0E8C&sp_cr=ZAZ
"48 Pcs Pull Back Car Set for 3+ Kids, Container Storage Box - Learning & Educational Stuffers Mini Cars, Tay Car Set, Racing Pattern | Perfect for Kids, Children, Boys & Girls",994,"₹1,599",5.0 out of 5 stars,https://amazon.in/sspa/click?ie=UTF8&spc=MTo2ODExMDIzNzAzODIwNTQyOjE3Njc2MTg1ODc6c3BfcGhvbmVfc2VhcmNoX210ZjozMDA4ODA4NTMxNjkwMzI6OjA6Og&url=%2FGITGRNTH-Pull-Back-Container-Storage%2Fdp%2FB0G64TYT1Z%2Fref%3Dmp_s_a_1_12_sspa%3Fdib%3DeyJ2IjoiMSJ9.OJ5PURluPSfMRxByV5g_YYoaqL76sdsfwGHWvxnNA1Wi13TOEYFgxyM1w1FfOf5Sr1_126dLoId-3gnGDxZDptZOPeKo8gacD4qCHwFTrByaCVih4AFiUeVbMBSKKTFp4UUNM0xbtpVKxbYZcQhjcAkTRjmfaGJBtVF0cULp-NwKEGHuXrGJme9eK4vra5f3_Q1TNhBGPsBkHp7JN-IXxA.ilQKBDbvzQMjnLcxU1R1lDU-Z7Yu6ldJyXDElTasEPI%26dib_tag%3Dse%26keywords%3Dtoy%2Bcars%26qid%3D1767618587%26sr%3D8-12-spons%26aref%3DicaXt5rgtF%26sp_csd%3Dd2lkZ2V0TmFtZT1zcF9waG9uZV9zZWFyY2hfbXRm%26psc%3D1&aref=icaXt5rgtF&sp_cr=ZAZ
"PRIME DEALS Diecast 1:36 Defender Toy Car Metal Body Openable Doors, Bonnet & Boot Pull-Back Action for Kids Diecast Model (Multi Color)",398,₹999,3.9 out of 5 stars,https://amazon.in/PRIME-DEALS-Diecast-Defender-Pull-Back/dp/B0DQ5BWQQ4/ref=mp_s_a_1_13?dib=eyJ2IjoiMSJ9.OJ5PURluPSfMRxByV5g_YYoaqL76sdsfwGHWvxnNA1Wi13TOEYFgxyM1w1FfOf5Sr1_126dLoId-3gnGDxZDptZOPeKo8gacD4qCHwFTrByaCVih4AFiUeVbMBSKKTFp4UUNM0xbtpVKxbYZcQhjcAkTRjmfaGJBtVF0cULp-NwKEGHuXrGJme9eK4vra5f3_Q1TNhBGPsBkHp7JN-IXxA.ilQKBDbvzQMjnLcxU1R1lDU-Z7Yu6ldJyXDElTasEPI&dib_tag=se&keywords=toy+cars&qid=1767618587&sr=8-13
Sky Tech® Rolls Royce Phantom Model Car 1:32 Scale Exclusive Alloy Metal Pull Back Die-cast Car Toy with Openable Doors & Light Music Boys Toys for Kids (Phantom 1:32)【Colors as Per Stock】,670,"₹1,999",4.0 out of 5 stars,https://amazon.in/Sky-Tech%C2%AE-Rolls-Royce-Phantom/dp/B0CHFVH9VL/ref=mp_s_a_1_14?dib=eyJ2IjoiMSJ9.OJ5PURluPSfMRxByV5g_YYoaqL76sdsfwGHWvxnNA1Wi13TOEYFgxyM1w1FfOf5Sr1_126dLoId-3gnGDxZDptZOPeKo8gacD4qCHwFTrByaCVih4AFiUeVbMBSKKTFp4UUNM0xbtpVKxbYZcQhjcAkTRjmfaGJBtVF0cULp-NwKEGHuXrGJme9eK4vra5f3_Q1TNhBGPsBkHp7JN-IXxA.ilQKBDbvzQMjnLcxU1R1lDU-Z7Yu6ldJyXDElTasEPI&dib_tag=se&keywords=toy+cars&qid=1767618587&sr=8-14
Wembley Rc Monster Truck| Remote Control Car for Kids| Rock Crawler 5 Function 1:18 RC Car Toys for Boys| 2WD Off-Road High Speed Remote Toys for Kids 5 Years 12 (Black),699,"₹1,599",3.8 out of 5 stars,https://amazon.in/Wembley-Monster-Control-Crawler-Function/dp/B0D4ZG8TYQ/ref=mp_s_a_1_15?dib=eyJ2IjoiMSJ9.OJ5PURluPSfMRxByV5g_YYoaqL76sdsfwGHWvxnNA1Wi13TOEYFgxyM1w1FfOf5Sr1_126dLoId-3gnGDxZDptZOPeKo8gacD4qCHwFTrByaCVih4AFiUeVbMBSKKTFp4UUNM0xbtpVKxbYZcQhjcAkTRjmfaGJBtVF0cULp-NwKEGHuXrGJme9eK4vra5f3_Q1TNhBGPsBkHp7JN-IXxA.ilQKBDbvzQMjnLcxU1R1lDU-Z7Yu6ldJyXDElTasEPI&dib_tag=se&keywords=toy+cars&qid=1767618587&sr=8-15
"Storio Mini Racing Metal Cars Set for Kids Pack of 10 | Pull Back Vehicles | Khilona Car Toy Set for Boys | Birthday Gift, Return Gift, Diwali Toys (Racing Cars)",299,₹799,4.1 out of 5 stars,https://amazon.in/Storio-Cars-Set-10-Vehicles/dp/B0FL2JBKXF/ref=mp_s_a_1_16?dib=eyJ2IjoiMSJ9.OJ5PURluPSfMRxByV5g_YYoaqL76sdsfwGHWvxnNA1Wi13TOEYFgxyM1w1FfOf5Sr1_126dLoId-3gnGDxZDptZOPeKo8gacD4qCHwFTrByaCVih4AFiUeVbMBSKKTFp4UUNM0xbtpVKxbYZcQhjcAkTRjmfaGJBtVF0cULp-NwKEGHuXrGJme9eK4vra5f3_Q1TNhBGPsBkHp7JN-IXxA.ilQKBDbvzQMjnLcxU1R1lDU-Z7Yu6ldJyXDElTasEPI&dib_tag=se&keywords=toy+cars&qid=1767618587&sr=8-16
"Mini Metal Car for Kids, Pack of 4 Mini Racers Series Diecast Cars Suitable for Children, Movie Vehicle Racing Cars for Small Racing Car Unbreakable for Kids - Multicolor",264,₹999,4.2 out of 5 stars,https://amazon.in/Kiddie-Galaxia-Suitable-Children-Unbreakable/dp/B0DKTFJ1HK/ref=mp_s_a_1_17?dib=eyJ2IjoiMSJ9.OJ5PURluPSfMRxByV5g_YYoaqL76sdsfwGHWvxnNA1Wi13TOEYFgxyM1w1FfOf5Sr1_126dLoId-3gnGDxZDptZOPeKo8gacD4qCHwFTrByaCVih4AFiUeVbMBSKKTFp4UUNM0xbtpVKxbYZcQhjcAkTRjmfaGJBtVF0cULp-NwKEGHuXrGJme9eK4vra5f3_Q1TNhBGPsBkHp7JN-IXxA.ilQKBDbvzQMjnLcxU1R1lDU-Z7Yu6ldJyXDElTasEPI&dib_tag=se&keywords=toy+cars&qid=1767618587&sr=8-17
Tesla Cyber Truck Camping Pickup RV with Motorcycle 1:32 Model Car Alloy Metal Pull Back Die-cast Metal Toy car with Openable Doors & Light Music Gifts Toys Kids【Colors as Per Stock】,804,"₹1,999",4.2 out of 5 stars,https://amazon.in/Kiddie-Galaxia-Camping-Pickup-Motorcycle/dp/B0FPBDX1WB/ref=mp_s_a_1_18?dib=eyJ2IjoiMSJ9.OJ5PURluPSfMRxByV5g_YYoaqL76sdsfwGHWvxnNA1Wi13TOEYFgxyM1w1FfOf5Sr1_126dLoId-3gnGDxZDptZOPeKo8gacD4qCHwFTrByaCVih4AFiUeVbMBSKKTFp4UUNM0xbtpVKxbYZcQhjcAkTRjmfaGJBtVF0cULp-NwKEGHuXrGJme9eK4vra5f3_Q1TNhBGPsBkHp7JN-IXxA.ilQKBDbvzQMjnLcxU1R1lDU-Z7Yu6ldJyXDElTasEPI&dib_tag=se&keywords=toy+cars&qid=1767618587&sr=8-18
Sky Tech® Range Rover Defender 1:32 Scale Model Car Exclusive Alloy Metal Pull Back Die-cast Car Metal Pullback Toy car with Openable Doors & Light Music Best Gifts Toys Kids【Colors as Per Stock】,649,"₹1,999",4.0 out of 5 stars,https://amazon.in/Sky-Tech%C2%AE-Range-Rover-Defender/dp/B0D5VS6RD2/ref=mp_s_a_1_19?dib=eyJ2IjoiMSJ9.OJ5PURluPSfMRxByV5g_YYoaqL76sdsfwGHWvxnNA1Wi13TOEYFgxyM1w1FfOf5Sr1_126dLoId-3gnGDxZDptZOPeKo8gacD4qCHwFTrByaCVih4AFiUeVbMBSKKTFp4UUNM0xbtpVKxbYZcQhjcAkTRjmfaGJBtVF0cULp-NwKEGHuXrGJme9eK4vra5f3_Q1TNhBGPsBkHp7JN-IXxA.ilQKBDbvzQMjnLcxU1R1lDU-Z7Yu6ldJyXDElTasEPI&dib_tag=se&keywords=toy+cars&qid=1767618587&sr=8-19
"Centy Toys Plastic Police Interceptor Fortune Pull Back Car, Number Of Pieces: 1, Black, Kid",269,₹374,4.0 out of 5 stars,https://amazon.in/Centy-Toys-Police-Interceptor-Fortune/dp/B01G5CSITG/ref=mp_s_a_1_20?dib=eyJ2IjoiMSJ9.OJ5PURluPSfMRxByV5g_YYoaqL76sdsfwGHWvxnNA1Wi13TOEYFgxyM1w1FfOf5Sr1_126dLoId-3gnGDxZDptZOPeKo8gacD4qCHwFTrByaCVih4AFiUeVbMBSKKTFp4UUNM0xbtpVKxbYZcQhjcAkTRjmfaGJBtVF0cULp-NwKEGHuXrGJme9eK4vra5f3_Q1TNhBGPsBkHp7JN-IXxA.ilQKBDbvzQMjnLcxU1R1lDU-Z7Yu6ldJyXDElTasEPI&dib_tag=se&keywords=toy+cars&qid=1767618587&sr=8-20
"popsugar Off Roader Rechargeable Remote Control Car | RC Car Monster Truck | 4 Headlight Modes | Lithium Battery | C-Type Charging | 2.4GHz Remote Controller | Made in India, Red","1,199","₹2,799",4.0 out of 5 stars,https://amazon.in/sspa/click?ie=UTF8&spc=MTozNTUxNjUwNzg5NzkyMDQ2OjE3Njc2MTg1OTU6c3BfcGhvbmVfc2VhcmNoX2F0Zl9uZXh0OjMwMDQ3NDk3NTAzNzEzMjo6MDo6&url=%2Fpopsugar-%25E2%2580%258EVEJP5558-Red-Jeep-Red%2Fdp%2FB0CQK5JDDN%2Fref%3Dmp_s_a_1_15_sspa%3Fdib%3DeyJ2IjoiMSJ9.p27yB2GhiLcwh_280PS6lcNmGydHEBICTGXYWdcvo9N_YG5NifM6x2CTTe4VVb6z6TmbRvhfw6sR_pmDq_6670Mg1udL0L3ueQ5xanJS_46tTcvFoQLn9hF_q2AxyosuRA3rhlkH6pe5K5D6JlW3EPUTb2IizZCwVFAGtexBI2CLIDAy5XIPT-8zgenwOrgcVyC3PsZ5u-MDE0IhzHj8VA.K3UMRIyOzVSc_-4de1BqxngmGoNBdzkxCx_9sGEYqdQ%26dib_tag%3Dse%26keywords%3Dtoy%2Bcars%26qid%3D1767618595%26sr%3D8-15-spons%26aref%3DaY224E0Nyb%26sp_csd%3Dd2lkZ2V0TmFtZT1zcF9waG9uZV9zZWFyY2hfYXRmX25leHQ%26psc%3D1&aref=aY224E0Nyb&sp_cr=ZAZ
Centy Toys Plastic Bretza Pull Back Car (Multicolor),260,₹346,4.0 out of 5 stars,https://amazon.in/Centy-Toys-Bretza-Car/dp/B07JKGQTF4/ref=mp_s_a_1_16?dib=eyJ2IjoiMSJ9.p27yB2GhiLcwh_280PS6lcNmGydHEBICTGXYWdcvo9N_YG5NifM6x2CTTe4VVb6z6TmbRvhfw6sR_pmDq_6670Mg1udL0L3ueQ5xanJS_46tTcvFoQLn9hF_q2AxyosuRA3rhlkH6pe5K5D6JlW3EPUTb2IizZCwVFAGtexBI2CLIDAy5XIPT-8zgenwOrgcVyC3PsZ5u-MDE0IhzHj8VA.K3UMRIyOzVSc_-4de1BqxngmGoNBdzkxCx_9sGEYqdQ&dib_tag=se&keywords=toy+cars&qid=1767618595&sr=8-16
VGRASSP Pull Back Monster Telescopic Non Electric Car Toy with Press-Pull-Leave Feature Run On Any Surface Without Battery Friction Powered Toy - Color As Per Stock (Pack of 1),189,₹299,3.9 out of 5 stars,https://amazon.in/VGRASSP-Telescopic-Electric-Press-Pull-Leave-Friction/dp/B0CQRBQR52/ref=mp_s_a_1_17?dib=eyJ2IjoiMSJ9.p27yB2GhiLcwh_280PS6lcNmGydHEBICTGXYWdcvo9N_YG5NifM6x2CTTe4VVb6z6TmbRvhfw6sR_pmDq_6670Mg1udL0L3ueQ5xanJS_46tTcvFoQLn9hF_q2AxyosuRA3rhlkH6pe5K5D6JlW3EPUTb2IizZCwVFAGtexBI2CLIDAy5XIPT-8zgenwOrgcVyC3PsZ5u-MDE0IhzHj8VA.K3UMRIyOzVSc_-4de1BqxngmGoNBdzkxCx_9sGEYqdQ&dib_tag=se&keywords=toy+cars&qid=1767618595&sr=8-17
"Centy Toys Plastic Pull Back Auto Rickshaw, Number Of Pieces: 1, Multicolour, 36 Months",142,₹186,4.3 out of 5 stars,https://amazon.in/Centy-Toys-Rickshaw-Multi-Color/dp/B011NXA79Q/ref=mp_s_a_1_18?dib=eyJ2IjoiMSJ9.p27yB2GhiLcwh_280PS6lcNmGydHEBICTGXYWdcvo9N_YG5NifM6x2CTTe4VVb6z6TmbRvhfw6sR_pmDq_6670Mg1udL0L3ueQ5xanJS_46tTcvFoQLn9hF_q2AxyosuRA3rhlkH6pe5K5D6JlW3EPUTb2IizZCwVFAGtexBI2CLIDAy5XIPT-8zgenwOrgcVyC3PsZ5u-MDE0IhzHj8VA.K3UMRIyOzVSc_-4de1BqxngmGoNBdzkxCx_9sGEYqdQ&dib_tag=se&keywords=toy+cars&qid=1767618595&sr=8-18
"Gooyo DB2060 Rotating & Rolling Rechargeable Small Stunt Racing Car Toy Comes with USB Charging Cable & Remote Controller | Blue Color, Power Source: Lithium Rechargeable Battery for Car (Included)",389,₹799,3.8 out of 5 stars,https://amazon.in/Gooyo-Rotating-Rechargeable-Controller-Functional/dp/B0BMVS6P13/ref=mp_s_a_1_19?dib=eyJ2IjoiMSJ9.p27yB2GhiLcwh_280PS6lcNmGydHEBICTGXYWdcvo9N_YG5NifM6x2CTTe4VVb6z6TmbRvhfw6sR_pmDq_6670Mg1udL0L3ueQ5xanJS_46tTcvFoQLn9hF_q2AxyosuRA3rhlkH6pe5K5D6JlW3EPUTb2IizZCwVFAGtexBI2CLIDAy5XIPT-8zgenwOrgcVyC3PsZ5u-MDE0IhzHj8VA.K3UMRIyOzVSc_-4de1BqxngmGoNBdzkxCx_9sGEYqdQ&dib_tag=se&keywords=toy+cars&qid=1767618595&sr=8-19
"Jack Royal Scooter Toys for Kids Toddlers Baby Boys Girls Adults Seat Model Toys Steering Wheel Car Toy Track, Mini Motorcycle Toy Pull Back (Multi Color) Pack of 1",149,₹499,4.2 out of 5 stars,https://amazon.in/Jack-Royal-Toddlers-Steering-Motorcycle/dp/B0F9P4WS8M/ref=mp_s_a_1_20?dib=eyJ2IjoiMSJ9.p27yB2GhiLcwh_280PS6lcNmGydHEBICTGXYWdcvo9N_YG5NifM6x2CTTe4VVb6z6TmbRvhfw6sR_pmDq_6670Mg1udL0L3ueQ5xanJS_46tTcvFoQLn9hF_q2AxyosuRA3rhlkH6pe5K5D6JlW3EPUTb2IizZCwVFAGtexBI2CLIDAy5XIPT-8zgenwOrgcVyC3PsZ5u-MDE0IhzHj8VA.K3UMRIyOzVSc_-4de1BqxngmGoNBdzkxCx_9sGEYqdQ&dib_tag=se&keywords=toy+cars&qid=1767618595&sr=8-20
Storio Die-Cast Metal Cars 1:32 Scale | Pull Back Action Toy Vehicles with Openable Doors & Lights | Alloy Model for Kids | Miniature Collectible Cars for Boys & Girls 3+ Years (Thar),339,"₹2,599",4.1 out of 5 stars,https://amazon.in/Storio-Die-Cast-Metal-Cars-Collectible/dp/B0F42XKR94/ref=mp_s_a_1_21?dib=eyJ2IjoiMSJ9.p27yB2GhiLcwh_280PS6lcNmGydHEBICTGXYWdcvo9N_YG5NifM6x2CTTe4VVb6z6TmbRvhfw6sR_pmDq_6670Mg1udL0L3ueQ5xanJS_46tTcvFoQLn9hF_q2AxyosuRA3rhlkH6pe5K5D6JlW3EPUTb2IizZCwVFAGtexBI2CLIDAy5XIPT-8zgenwOrgcVyC3PsZ5u-MDE0IhzHj8VA.K3UMRIyOzVSc_-4de1BqxngmGoNBdzkxCx_9sGEYqdQ&dib_tag=se&keywords=toy+cars&qid=1767618595&sr=8-21
"toyco® Alloy Metal SUV Toy Car for Kids | Pull Back Unbreakable Small Toy Cars | Openable Doors, Smooth & Shiny Edges |1:36 Scale | Gift Toys for Boys and Girls Age 3+ | (Range Rover)",289,₹899,3.6 out of 5 stars,https://amazon.in/toyco%C2%AE-Alloy-Unbreakable-Openable-Smooth/dp/B0FDYCBV4L/ref=mp_s_a_1_22?dib=eyJ2IjoiMSJ9.p27yB2GhiLcwh_280PS6lcNmGydHEBICTGXYWdcvo9N_YG5NifM6x2CTTe4VVb6z6TmbRvhfw6sR_pmDq_6670Mg1udL0L3ueQ5xanJS_46tTcvFoQLn9hF_q2AxyosuRA3rhlkH6pe5K5D6JlW3EPUTb2IizZCwVFAGtexBI2CLIDAy5XIPT-8zgenwOrgcVyC3PsZ5u-MDE0IhzHj8VA.K3UMRIyOzVSc_-4de1BqxngmGoNBdzkxCx_9sGEYqdQ&dib_tag=se&keywords=toy+cars&qid=1767618595&sr=8-22
GRAPHENE RC 4x4 Formula F1 Drift Smoke Car Toy 1:14 Scale 2.4Ghz Hand Sensor Gesture Control Sports Racing Car 360° Rotation 3 Lights Music Spin Stunt Remote Control Cars for 4+ 5+ 6+ Boys Girl Adults,"1,799","₹5,999",4.0 out of 5 stars,https://amazon.in/sspa/click?ie=UTF8&spc=MTozNTUxNjUwNzg5NzkyMDQ2OjE3Njc2MTg1OTU6c3BfcGhvbmVfc2VhcmNoX210ZjozMDA2MjI4NjMzNTQwMzI6OjA6Og&url=%2FGRAPHENE-Formula-Drift-Smoke-Car%2Fdp%2FB0FDWKZ1GJ%2Fref%3Dmp_s_a_1_23_sspa%3Fdib%3DeyJ2IjoiMSJ9.p27yB2GhiLcwh_280PS6lcNmGydHEBICTGXYWdcvo9N_YG5NifM6x2CTTe4VVb6z6TmbRvhfw6sR_pmDq_6670Mg1udL0L3ueQ5xanJS_46tTcvFoQLn9hF_q2AxyosuRA3rhlkH6pe5K5D6JlW3EPUTb2IizZCwVFAGtexBI2CLIDAy5XIPT-8zgenwOrgcVyC3PsZ5u-MDE0IhzHj8VA.K3UMRIyOzVSc_-4de1BqxngmGoNBdzkxCx_9sGEYqdQ%26dib_tag%3Dse%26keywords%3Dtoy%2Bcars%26qid%3D1767618595%26sr%3D8-23-spons%26aref%3D9fKfTA7Rvt%26sp_csd%3Dd2lkZ2V0TmFtZT1zcF9waG9uZV9zZWFyY2hfbXRm%26psc%3D1&aref=9fKfTA7Rvt&sp_cr=ZAZ
Mirana Warrior 360 Degree Rotating Stunt RC Car Toy for Kids | High Speed Steering Remote Control Vehicle | USB Type-C Rechargeable | Made in India (Onyx Black),999,"₹1,299",3.9 out of 5 stars,https://amazon.in/sspa/click?ie=UTF8&spc=MTozNTUxNjUwNzg5NzkyMDQ2OjE3Njc2MTg1OTU6c3BfcGhvbmVfc2VhcmNoX210ZjozMDA2MjM0MzI3NTQ2MzI6OjA6Og&url=%2FMirana-Rechargeable-Control-Rotating-Rolling%2Fdp%2FB0BFXF5J4G%2Fref%3Dmp_s_a_1_24_sspa%3Fdib%3DeyJ2IjoiMSJ9.p27yB2GhiLcwh_280PS6lcNmGydHEBICTGXYWdcvo9N_YG5NifM6x2CTTe4VVb6z6TmbRvhfw6sR_pmDq_6670Mg1udL0L3ueQ5xanJS_46tTcvFoQLn9hF_q2AxyosuRA3rhlkH6pe5K5D6JlW3EPUTb2IizZCwVFAGtexBI2CLIDAy5XIPT-8zgenwOrgcVyC3PsZ5u-MDE0IhzHj8VA.K3UMRIyOzVSc_-4de1BqxngmGoNBdzkxCx_9sGEYqdQ%26dib_tag%3Dse%26keywords%3Dtoy%2Bcars%26qid%3D1767618595%26sr%3D8-24-spons%26aref%3DbWgLdb3Vle%26sp_csd%3Dd2lkZ2V0TmFtZT1zcF9waG9uZV9zZWFyY2hfbXRm%26psc%3D1&aref=bWgLdb3Vle&sp_cr=ZAZ
"Mini Metal Die Cast Car Toy Play Set of 6 & 4, Free Wheel High Speed Unbreakable Small Racing Movie Vehicle Car for Exciting Playtime Adventures for Kid (Set of 6), Multi",358,"₹1,500",4.1 out of 5 stars,https://amazon.in/Umadiya%C2%AE-Unbreakable-Exciting-Playtime-Adventures/dp/B0D5HH814V/ref=mp_s_a_1_25?dib=eyJ2IjoiMSJ9.p27yB2GhiLcwh_280PS6lcNmGydHEBICTGXYWdcvo9N_YG5NifM6x2CTTe4VVb6z6TmbRvhfw6sR_pmDq_6670Mg1udL0L3ueQ5xanJS_46tTcvFoQLn9hF_q2AxyosuRA3rhlkH6pe5K5D6JlW3EPUTb2IizZCwVFAGtexBI2CLIDAy5XIPT-8zgenwOrgcVyC3PsZ5u-MDE0IhzHj8VA.K3UMRIyOzVSc_-4de1BqxngmGoNBdzkxCx_9sGEYqdQ&dib_tag=se&keywords=toy+cars&qid=1767618595&sr=8-25
Range Rover Defender 1:32 Scale Model Car Exclusive Alloy Metal Pull Back Die-cast Car Metal Pullback Toy car with Openable Doors & Light Music Best Gifts Toys Kids【Colors as Per Stock】,662,"₹3,000",3.9 out of 5 stars,https://amazon.in/Umadiya%C2%AE-Range-Rover-Defender-Kids%E3%80%90Colors/dp/B0DGLXLS4S/ref=mp_s_a_1_26?dib=eyJ2IjoiMSJ9.p27yB2GhiLcwh_280PS6lcNmGydHEBICTGXYWdcvo9N_YG5NifM6x2CTTe4VVb6z6TmbRvhfw6sR_pmDq_6670Mg1udL0L3ueQ5xanJS_46tTcvFoQLn9hF_q2AxyosuRA3rhlkH6pe5K5D6JlW3EPUTb2IizZCwVFAGtexBI2CLIDAy5XIPT-8zgenwOrgcVyC3PsZ5u-MDE0IhzHj8VA.K3UMRIyOzVSc_-4de1BqxngmGoNBdzkxCx_9sGEYqdQ&dib_tag=se&keywords=toy+cars&qid=1767618595&sr=8-26
1007 Police Car Toy for Kids – Green Friction Powered Car with Lights & Sound | Push and Go Vehicle Toy for Boys Age 8-10 Years,143,₹399,3.8 out of 5 stars,https://amazon.in/BUY-SMILE-1007-Police-Kids/dp/B0FKY4Q6FM/ref=mp_s_a_1_27?dib=eyJ2IjoiMSJ9.p27yB2GhiLcwh_280PS6lcNmGydHEBICTGXYWdcvo9N_YG5NifM6x2CTTe4VVb6z6TmbRvhfw6sR_pmDq_6670Mg1udL0L3ueQ5xanJS_46tTcvFoQLn9hF_q2AxyosuRA3rhlkH6pe5K5D6JlW3EPUTb2IizZCwVFAGtexBI2CLIDAy5XIPT-8zgenwOrgcVyC3PsZ5u-MDE0IhzHj8VA.K3UMRIyOzVSc_-4de1BqxngmGoNBdzkxCx_9sGEYqdQ&dib_tag=se&keywords=toy+cars&qid=1767618595&sr=8-27
"Storio 3D Baby Car Toy with 360 Degree Rotation, Gear Simulation Mechanical Car with Sound Music & Light Toys for Kids Boys & Girls, Multicolor",299,₹437,4.2 out of 5 stars,https://amazon.in/Storio-Rotating-Transparent-Flashing-Electric/dp/B085DKQZ7W/ref=mp_s_a_1_28?dib=eyJ2IjoiMSJ9.p27yB2GhiLcwh_280PS6lcNmGydHEBICTGXYWdcvo9N_YG5NifM6x2CTTe4VVb6z6TmbRvhfw6sR_pmDq_6670Mg1udL0L3ueQ5xanJS_46tTcvFoQLn9hF_q2AxyosuRA3rhlkH6pe5K5D6JlW3EPUTb2IizZCwVFAGtexBI2CLIDAy5XIPT-8zgenwOrgcVyC3PsZ5u-MDE0IhzHj8VA.K3UMRIyOzVSc_-4de1BqxngmGoNBdzkxCx_9sGEYqdQ&dib_tag=se&keywords=toy+cars&qid=1767618595&sr=8-28
"Wembley Die Cast Porsche Car Toy | 1:32 Scale Metal Diecast Model Car for Kids with Openable Doors, Light & Engine Sound | Pull Back Action Realistic Collectible Vehicle Boys Toys for Kids",799,"₹1,899",4.5 out of 5 stars,https://amazon.in/Wembley-Pull-Back-Die-cast-Model/dp/B0D94DLC2H/ref=mp_s_a_1_29?dib=eyJ2IjoiMSJ9.p27yB2GhiLcwh_280PS6lcNmGydHEBICTGXYWdcvo9N_YG5NifM6x2CTTe4VVb6z6TmbRvhfw6sR_pmDq_6670Mg1udL0L3ueQ5xanJS_46tTcvFoQLn9hF_q2AxyosuRA3rhlkH6pe5K5D6JlW3EPUTb2IizZCwVFAGtexBI2CLIDAy5XIPT-8zgenwOrgcVyC3PsZ5u-MDE0IhzHj8VA.K3UMRIyOzVSc_-4de1BqxngmGoNBdzkxCx_9sGEYqdQ&dib_tag=se&keywords=toy+cars&qid=1767618595&sr=8-29
"Cable World Plastic Battery Operated Converting Car to Robot, Robot to Car Automatically,Robot Toy, with Light and Sound for Kids Indoor and Outdoor 3 Year (Color Blur or Yellow as Per Available)",350,"₹1,599",3.9 out of 5 stars,https://amazon.in/Cable-World-Operated-Converting-Automatically/dp/B0C23XZPK1/ref=mp_s_a_1_30?dib=eyJ2IjoiMSJ9.p27yB2GhiLcwh_280PS6lcNmGydHEBICTGXYWdcvo9N_YG5NifM6x2CTTe4VVb6z6TmbRvhfw6sR_pmDq_6670Mg1udL0L3ueQ5xanJS_46tTcvFoQLn9hF_q2AxyosuRA3rhlkH6pe5K5D6JlW3EPUTb2IizZCwVFAGtexBI2CLIDAy5XIPT-8zgenwOrgcVyC3PsZ5u-MDE0IhzHj8VA.K3UMRIyOzVSc_-4de1BqxngmGoNBdzkxCx_9sGEYqdQ&dib_tag=se&keywords=toy+cars&qid=1767618595&sr=8-30
GRAPHENE Pull Back Friction Powered Monster Car Truck Telescopic DTX Toy Car for Kids Non Electric Gift for 2 3 4 5 6 Year Boys Girls Push and GO 4 Wheel Off-Road Vehicles Racing Stunt Car,144,₹999,4.0 out of 5 stars,https://amazon.in/GRAPHENE-Friction-Telescopic-Electric-GO/dp/B0F9LDY2Q1/ref=mp_s_a_1_31?dib=eyJ2IjoiMSJ9.p27yB2GhiLcwh_280PS6lcNmGydHEBICTGXYWdcvo9N_YG5NifM6x2CTTe4VVb6z6TmbRvhfw6sR_pmDq_6670Mg1udL0L3ueQ5xanJS_46tTcvFoQLn9hF_q2AxyosuRA3rhlkH6pe5K5D6JlW3EPUTb2IizZCwVFAGtexBI2CLIDAy5XIPT-8zgenwOrgcVyC3PsZ5u-MDE0IhzHj8VA.K3UMRIyOzVSc_-4de1BqxngmGoNBdzkxCx_9sGEYqdQ&dib_tag=se&keywords=toy+cars&qid=1767618595&sr=8-31
"Chanak Premium Metal Die-Cast Sports Racer Metal Car with Realistic Engine Sound, LED Lights, Open & Close Doors, Pull Back Car Zinc Alloy for Kids Above 3 Years, BIS Approved (Black)",399,₹999,3.5 out of 5 stars,https://amazon.in/sspa/click?ie=UTF8&spc=MTozNTUxNjUwNzg5NzkyMDQ2OjE3Njc2MTg1OTU6c3BfcGhvbmVfc2VhcmNoX2J0ZjozMDA1NzAxMDUwMjk5MzI6OjA6Og&url=%2FChanak-Premium-Die-Cast-Realistic-Approved%2Fdp%2FB0CMJ7T5J2%2Fref%3Dmp_s_a_1_32_sspa%3Fdib%3DeyJ2IjoiMSJ9.p27yB2GhiLcwh_280PS6lcNmGydHEBICTGXYWdcvo9N_YG5NifM6x2CTTe4VVb6z6TmbRvhfw6sR_pmDq_6670Mg1udL0L3ueQ5xanJS_46tTcvFoQLn9hF_q2AxyosuRA3rhlkH6pe5K5D6JlW3EPUTb2IizZCwVFAGtexBI2CLIDAy5XIPT-8zgenwOrgcVyC3PsZ5u-MDE0IhzHj8VA.K3UMRIyOzVSc_-4de1BqxngmGoNBdzkxCx_9sGEYqdQ%26dib_tag%3Dse%26keywords%3Dtoy%2Bcars%26qid%3D1767618595%26sr%3D8-32-spons%26aref%3DHj5quJY3HO%26sp_csd%3Dd2lkZ2V0TmFtZT1zcF9waG9uZV9zZWFyY2hfYnRm%26psc%3D1&aref=Hj5quJY3HO&sp_cr=ZAZ
Amazon Brand – Metal Die Cast 1:37 Bug | Orange | Collectible & Durable,369,"₹1,099",4.1 out of 5 stars,https://amazon.in/sspa/click?ie=UTF8&spc=MTozNTUxNjUwNzg5NzkyMDQ2OjE3Njc2MTg1OTU6c3BfcGhvbmVfc2VhcmNoX2J0ZjozMDA3NTEwODA5OTk2MzI6OjA6Og&url=%2FAmazon-Brand-Orange-Collectible-Durable%2Fdp%2FB0FKZ42MJQ%2Fref%3Dmp_s_a_1_33_sspa%3Fdib%3DeyJ2IjoiMSJ9.p27yB2GhiLcwh_280PS6lcNmGydHEBICTGXYWdcvo9N_YG5NifM6x2CTTe4VVb6z6TmbRvhfw6sR_pmDq_6670Mg1udL0L3ueQ5xanJS_46tTcvFoQLn9hF_q2AxyosuRA3rhlkH6pe5K5D6JlW3EPUTb2IizZCwVFAGtexBI2CLIDAy5XIPT-8zgenwOrgcVyC3PsZ5u-MDE0IhzHj8VA.K3UMRIyOzVSc_-4de1BqxngmGoNBdzkxCx_9sGEYqdQ%26dib_tag%3Dse%26keywords%3Dtoy%2Bcars%26qid%3D1767618595%26sr%3D8-33-spons%26aref%3DQrc6nb0E8C%26sp_csd%3Dd2lkZ2V0TmFtZT1zcF9waG9uZV9zZWFyY2hfYnRm%26psc%3D1&aref=Qrc6nb0E8C&sp_cr=ZAZ
"Chanak Premium Metal Die-Cast Sports Racer Metal Car with Realistic Engine Sound, LED Lights, Open & Close Doors, Pull Back Car Zinc Alloy for Kids Above 3 Years, BIS Approved (Black)",399,₹999,3.5 out of 5 stars,https://amazon.in/sspa/click?ie=UTF8&spc=MTo0NTc2NjU4ODc2NDgwMzE0OjE3Njc2MTg2MDQ6c3BfcGhvbmVfc2VhcmNoX2F0Zl9uZXh0OjMwMDU3MDEwNTAyOTkzMjo6MDo6&url=%2FChanak-Premium-Die-Cast-Realistic-Approved%2Fdp%2FB0CMJ7T5J2%2Fref%3Dmp_s_a_1_29_sspa%3Fdib%3DeyJ2IjoiMSJ9.GVsyhnyzSE91dzgbnQWH0AGAdNfFN17ysPb3drbwHPhUsNdYLclmtgYFTjmZYh0LmD2YWIuvzeiYFNTbgU5FZdAuwgd9NgoUp_rkRGDebKsOstgaQ6shyKKJxg3JC5q2bjSGN9OgcGuHacrtwdsx1qyJnvn_XcTJvMLARMCQuzSWn-HKN5gJ3P4oJdMnxHw5rRKmwoxTeO3V1P3kXooM_A.4xikhwOfiMvX98MA0GXk3pgYWk5IuHeLDa2pQ8C0mYc%26dib_tag%3Dse%26keywords%3Dtoy%2Bcars%26qid%3D1767618604%26sr%3D8-29-spons%26aref%3DHj5quJY3HO%26sp_csd%3Dd2lkZ2V0TmFtZT1zcF9waG9uZV9zZWFyY2hfYXRmX25leHQ%26psc%3D1&aref=Hj5quJY3HO&sp_cr=ZAZ
GRAPHENE Pull Back Friction Powered Monster Car Truck Telescopic DTX Toy Car for Kids Non Electric Gift for 2 3 4 5 6 Year Boys Girls Push and GO 4 Wheel Off-Road Vehicles Racing Stunt Car,144,₹999,4.0 out of 5 stars,https://amazon.in/GRAPHENE-Friction-Telescopic-Electric-GO/dp/B0F9LDY2Q1/ref=mp_s_a_1_30?dib=eyJ2IjoiMSJ9.GVsyhnyzSE91dzgbnQWH0AGAdNfFN17ysPb3drbwHPhUsNdYLclmtgYFTjmZYh0LmD2YWIuvzeiYFNTbgU5FZdAuwgd9NgoUp_rkRGDebKsOstgaQ6shyKKJxg3JC5q2bjSGN9OgcGuHacrtwdsx1qyJnvn_XcTJvMLARMCQuzSWn-HKN5gJ3P4oJdMnxHw5rRKmwoxTeO3V1P3kXooM_A.4xikhwOfiMvX98MA0GXk3pgYWk5IuHeLDa2pQ8C0mYc&dib_tag=se&keywords=toy+cars&qid=1767618604&sr=8-30
1:32 Scale Exclusive Alloy Metal Pull Back Die-cast Car Model with Sound Light Mini Auto Toy for Kids Metal Model Toy Car with Sound and Light? (1.32 Scale Dodge Challenger-Black.),999,"₹2,999",4.5 out of 5 stars,https://amazon.in/FEXXA-Scale-Exclusive-Die-cast-Challenger-Black/dp/B0DJD64GLD/ref=mp_s_a_1_31?dib=eyJ2IjoiMSJ9.GVsyhnyzSE91dzgbnQWH0AGAdNfFN17ysPb3drbwHPhUsNdYLclmtgYFTjmZYh0LmD2YWIuvzeiYFNTbgU5FZdAuwgd9NgoUp_rkRGDebKsOstgaQ6shyKKJxg3JC5q2bjSGN9OgcGuHacrtwdsx1qyJnvn_XcTJvMLARMCQuzSWn-HKN5gJ3P4oJdMnxHw5rRKmwoxTeO3V1P3kXooM_A.4xikhwOfiMvX98MA0GXk3pgYWk5IuHeLDa2pQ8C0mYc&dib_tag=se&keywords=toy+cars&qid=1767618604&sr=8-31
Amazon Brand – Metal Die Cast 1:37 Humm | Black | Collectible & Durable,369,"₹1,099",4.1 out of 5 stars,https://amazon.in/Amazon-Brand-Metal-Collectible-Durable/dp/B0FKZ7GZMF/ref=mp_s_a_1_32?dib=eyJ2IjoiMSJ9.GVsyhnyzSE91dzgbnQWH0AGAdNfFN17ysPb3drbwHPhUsNdYLclmtgYFTjmZYh0LmD2YWIuvzeiYFNTbgU5FZdAuwgd9NgoUp_rkRGDebKsOstgaQ6shyKKJxg3JC5q2bjSGN9OgcGuHacrtwdsx1qyJnvn_XcTJvMLARMCQuzSWn-HKN5gJ3P4oJdMnxHw5rRKmwoxTeO3V1P3kXooM_A.4xikhwOfiMvX98MA0GXk3pgYWk5IuHeLDa2pQ8C0mYc&dib_tag=se&keywords=toy+cars&qid=1767618604&sr=8-32
Sky Tech® Big Size Rechargeable Racing Car with Remote Control Sports with Openable Doors High Performance Rc Car with Led Lights for Kids Super Sports Car for Kids Speed Rc Toy (Multicolor),799,"₹1,999",3.9 out of 5 stars,https://amazon.in/Sky-Rechargeable-Openable-Performance-Multicolor/dp/B0CXVX19CH/ref=mp_s_a_1_33?dib=eyJ2IjoiMSJ9.GVsyhnyzSE91dzgbnQWH0AGAdNfFN17ysPb3drbwHPhUsNdYLclmtgYFTjmZYh0LmD2YWIuvzeiYFNTbgU5FZdAuwgd9NgoUp_rkRGDebKsOstgaQ6shyKKJxg3JC5q2bjSGN9OgcGuHacrtwdsx1qyJnvn_XcTJvMLARMCQuzSWn-HKN5gJ3P4oJdMnxHw5rRKmwoxTeO3V1P3kXooM_A.4xikhwOfiMvX98MA0GXk3pgYWk5IuHeLDa2pQ8C0mYc&dib_tag=se&keywords=toy+cars&qid=1767618604&sr=8-33
Mini Explorer 5 in 1 Police Trucks Boy Toys for 3-5 Year Old Toddlers - Toys for 3 4 5 6 7 Years Old Transport Vehicle Carrier Truck Sets Kids Boys & Girls,"1,099","₹3,599",4.0 out of 5 stars,https://amazon.in/Mini-Explorer-Police-Trucks-Toddlers/dp/B0FLKF9SDL/ref=mp_s_a_1_34?dib=eyJ2IjoiMSJ9.GVsyhnyzSE91dzgbnQWH0AGAdNfFN17ysPb3drbwHPhUsNdYLclmtgYFTjmZYh0LmD2YWIuvzeiYFNTbgU5FZdAuwgd9NgoUp_rkRGDebKsOstgaQ6shyKKJxg3JC5q2bjSGN9OgcGuHacrtwdsx1qyJnvn_XcTJvMLARMCQuzSWn-HKN5gJ3P4oJdMnxHw5rRKmwoxTeO3V1P3kXooM_A.4xikhwOfiMvX98MA0GXk3pgYWk5IuHeLDa2pQ8C0mYc&dib_tag=se&keywords=toy+cars&qid=1767618604&sr=8-34
"WireScorts Mini Metal Die Cast Vehicle Set of-6 Toy Vehicle Play Set Free Wheel High Speed Unbreakable Toy for Kids, Small Racing Car for Exciting Playtime Adventures, Movie Vehicles Cars for Kids",341,"₹1,499",4.3 out of 5 stars,https://amazon.in/WireScorts-Unbreakable-Exciting-Playtime-Adventures/dp/B0DSJ4GVS5/ref=mp_s_a_1_35?dib=eyJ2IjoiMSJ9.GVsyhnyzSE91dzgbnQWH0AGAdNfFN17ysPb3drbwHPhUsNdYLclmtgYFTjmZYh0LmD2YWIuvzeiYFNTbgU5FZdAuwgd9NgoUp_rkRGDebKsOstgaQ6shyKKJxg3JC5q2bjSGN9OgcGuHacrtwdsx1qyJnvn_XcTJvMLARMCQuzSWn-HKN5gJ3P4oJdMnxHw5rRKmwoxTeO3V1P3kXooM_A.4xikhwOfiMvX98MA0GXk3pgYWk5IuHeLDa2pQ8C0mYc&dib_tag=se&keywords=toy+cars&qid=1767618604&sr=8-35
Toy Imagine 4x4 Mini Monster Truck for Kids – Friction Powered Stunt Car 360° Spin Action | Pack of 2 Push & Go Off-Road Vehicles | Toy Cars for Boys Ages 3–8 | Best Birthday Gift (Color May Vary),115,₹249,3.8 out of 5 stars,https://amazon.in/Toy-ImagineTM-Monster-Friction-Truck/dp/B0CF5WMVLW/ref=mp_s_a_1_36?dib=eyJ2IjoiMSJ9.GVsyhnyzSE91dzgbnQWH0AGAdNfFN17ysPb3drbwHPhUsNdYLclmtgYFTjmZYh0LmD2YWIuvzeiYFNTbgU5FZdAuwgd9NgoUp_rkRGDebKsOstgaQ6shyKKJxg3JC5q2bjSGN9OgcGuHacrtwdsx1qyJnvn_XcTJvMLARMCQuzSWn-HKN5gJ3P4oJdMnxHw5rRKmwoxTeO3V1P3kXooM_A.4xikhwOfiMvX98MA0GXk3pgYWk5IuHeLDa2pQ8C0mYc&dib_tag=se&keywords=toy+cars&qid=1767618604&sr=8-36
"Vintage Die-Cast Car Model 1:32 Scale | Alloy Metal Car with Openable Doors, Hood & Trunk | LED Headlight & Taillight with Sound | Pull Back & Go Toy for Kids & Collectors (Black)",999,"₹1,469",5.0 out of 5 stars,https://amazon.in/sspa/click?ie=UTF8&spc=MTo0NTc2NjU4ODc2NDgwMzE0OjE3Njc2MTg2MDQ6c3BfcGhvbmVfc2VhcmNoX210ZjozMDA4NzYxNDk4Mzg5MzI6OjA6Og&url=%2FHAPPY-CHAPPIE-Headlight-Taillight-Collectors%2Fdp%2FB0G5PV1NHQ%2Fref%3Dmp_s_a_1_37_sspa%3Fdib%3DeyJ2IjoiMSJ9.GVsyhnyzSE91dzgbnQWH0AGAdNfFN17ysPb3drbwHPhUsNdYLclmtgYFTjmZYh0LmD2YWIuvzeiYFNTbgU5FZdAuwgd9NgoUp_rkRGDebKsOstgaQ6shyKKJxg3JC5q2bjSGN9OgcGuHacrtwdsx1qyJnvn_XcTJvMLARMCQuzSWn-HKN5gJ3P4oJdMnxHw5rRKmwoxTeO3V1P3kXooM_A.4xikhwOfiMvX98MA0GXk3pgYWk5IuHeLDa2pQ8C0mYc%26dib_tag%3Dse%26keywords%3Dtoy%2Bcars%26qid%3D1767618604%26sr%3D8-37-spons%26aref%3DXtEKdcb5dp%26sp_csd%3Dd2lkZ2V0TmFtZT1zcF9waG9uZV9zZWFyY2hfbXRm%26psc%3D1&aref=XtEKdcb5dp&sp_cr=ZAZ
"Pull Back Cars Set, 48 Pieces Alloy Racing Car Toys, Metal Trucks Toy Vehicles, for Kids Ages 3-8, Party Favors","1,699","₹4,999",,https://amazon.in/sspa/click?ie=UTF8&spc=MTo0NTc2NjU4ODc2NDgwMzE0OjE3Njc2MTg2MDQ6c3BfcGhvbmVfc2VhcmNoX210ZjozMDA4NzUyNTQxMTM3MzI6OjA6Og&url=%2FSQURY-Pieces-Racing-Trucks-Vehicles%2Fdp%2FB0G71N9TFG%2Fref%3Dmp_s_a_1_38_sspa%3Fdib%3DeyJ2IjoiMSJ9.GVsyhnyzSE91dzgbnQWH0AGAdNfFN17ysPb3drbwHPhUsNdYLclmtgYFTjmZYh0LmD2YWIuvzeiYFNTbgU5FZdAuwgd9NgoUp_rkRGDebKsOstgaQ6shyKKJxg3JC5q2bjSGN9OgcGuHacrtwdsx1qyJnvn_XcTJvMLARMCQuzSWn-HKN5gJ3P4oJdMnxHw5rRKmwoxTeO3V1P3kXooM_A.4xikhwOfiMvX98MA0GXk3pgYWk5IuHeLDa2pQ8C0mYc%26dib_tag%3Dse%26keywords%3Dtoy%2Bcars%26qid%3D1767618604%26sr%3D8-38-spons%26aref%3DuiL3OWczq3%26sp_csd%3Dd2lkZ2V0TmFtZT1zcF9waG9uZV9zZWFyY2hfbXRm%26psc%3D1&aref=uiL3OWczq3&sp_cr=ZAZ
"Okean® 1/32 Phantom Model Car Zinc Alloy Pull Back Toy Diecast Toy Cars with Openable Doors, Sound and Light for Kids Boy Girl Gift(White Black)",839,"₹1,999",4.3 out of 5 stars,https://amazon.in/Okean%C2%AE-Phantom-Model-Diecast-Openable/dp/B0BN8GHZHR/ref=mp_s_a_1_39?dib=eyJ2IjoiMSJ9.GVsyhnyzSE91dzgbnQWH0AGAdNfFN17ysPb3drbwHPhUsNdYLclmtgYFTjmZYh0LmD2YWIuvzeiYFNTbgU5FZdAuwgd9NgoUp_rkRGDebKsOstgaQ6shyKKJxg3JC5q2bjSGN9OgcGuHacrtwdsx1qyJnvn_XcTJvMLARMCQuzSWn-HKN5gJ3P4oJdMnxHw5rRKmwoxTeO3V1P3kXooM_A.4xikhwOfiMvX98MA0GXk3pgYWk5IuHeLDa2pQ8C0mYc&dib_tag=se&keywords=toy+cars&qid=1767618604&sr=8-39
Wembley Remote Control Car for Kids Rechargeable Mini RC Car High Speed Racing Car Toys for Kids 5 Years 12 Boys - Black & Blue,664,"₹1,499",4.2 out of 5 stars,https://amazon.in/Wembley-Remote-Control-Rechargeable-Racing/dp/B0D2P62L3K/ref=mp_s_a_1_40?dib=eyJ2IjoiMSJ9.GVsyhnyzSE91dzgbnQWH0AGAdNfFN17ysPb3drbwHPhUsNdYLclmtgYFTjmZYh0LmD2YWIuvzeiYFNTbgU5FZdAuwgd9NgoUp_rkRGDebKsOstgaQ6shyKKJxg3JC5q2bjSGN9OgcGuHacrtwdsx1qyJnvn_XcTJvMLARMCQuzSWn-HKN5gJ3P4oJdMnxHw5rRKmwoxTeO3V1P3kXooM_A.4xikhwOfiMvX98MA0GXk3pgYWk5IuHeLDa2pQ8C0mYc&dib_tag=se&keywords=toy+cars&qid=1767618604&sr=8-40
"Galaxy Hi-Tech Model Alloy Vehicle Model Vintage Metal Cars 6 Pcs Vehicles, Car Play Set for Toddlers,Boys Die-Cast Car Set, Birthday Decorations Gift Movie Vehicle Racing for Kids, Multicolor",358,"₹1,999",4.1 out of 5 stars,https://amazon.in/Galaxy-Hi-Tech-Vehicles-Decorations-Multicolor/dp/B0FCYVWDDM/ref=mp_s_a_1_41?dib=eyJ2IjoiMSJ9.GVsyhnyzSE91dzgbnQWH0AGAdNfFN17ysPb3drbwHPhUsNdYLclmtgYFTjmZYh0LmD2YWIuvzeiYFNTbgU5FZdAuwgd9NgoUp_rkRGDebKsOstgaQ6shyKKJxg3JC5q2bjSGN9OgcGuHacrtwdsx1qyJnvn_XcTJvMLARMCQuzSWn-HKN5gJ3P4oJdMnxHw5rRKmwoxTeO3V1P3kXooM_A.4xikhwOfiMvX98MA0GXk3pgYWk5IuHeLDa2pQ8C0mYc&dib_tag=se&keywords=toy+cars&qid=1767618604&sr=8-41
"PRIME DEALS Unbreakable Pull Back Vehicles| Push and Go Crawling Toy for Kids & Children, Power Friction Cars for 3+ Years Old Boys|Girls (Pack of 7)., Multicolor",444,₹999,4.1 out of 5 stars,https://amazon.in/Prime-Deals-Unbreakable-Vehicles-Crawling/dp/B08KHM1KKP/ref=mp_s_a_1_42?dib=eyJ2IjoiMSJ9.GVsyhnyzSE91dzgbnQWH0AGAdNfFN17ysPb3drbwHPhUsNdYLclmtgYFTjmZYh0LmD2YWIuvzeiYFNTbgU5FZdAuwgd9NgoUp_rkRGDebKsOstgaQ6shyKKJxg3JC5q2bjSGN9OgcGuHacrtwdsx1qyJnvn_XcTJvMLARMCQuzSWn-HKN5gJ3P4oJdMnxHw5rRKmwoxTeO3V1P3kXooM_A.4xikhwOfiMvX98MA0GXk3pgYWk5IuHeLDa2pQ8C0mYc&dib_tag=se&keywords=toy+cars&qid=1767618604&sr=8-42
"Gooyo 6328-4 Battery Operated 3D Lights Famous Remote Control High Speed Racing Car Toy for Kids, |Blue Color| Power Source: 3xAA Battery in Car & 2xAA Battery in Remote Controller (Not Included)",299,₹799,3.3 out of 5 stars,https://amazon.in/Gooyo-Battery-Operated-Functions-Controller/dp/B0BMLP1CD6/ref=mp_s_a_1_43?dib=eyJ2IjoiMSJ9.GVsyhnyzSE91dzgbnQWH0AGAdNfFN17ysPb3drbwHPhUsNdYLclmtgYFTjmZYh0LmD2YWIuvzeiYFNTbgU5FZdAuwgd9NgoUp_rkRGDebKsOstgaQ6shyKKJxg3JC5q2bjSGN9OgcGuHacrtwdsx1qyJnvn_XcTJvMLARMCQuzSWn-HKN5gJ3P4oJdMnxHw5rRKmwoxTeO3V1P3kXooM_A.4xikhwOfiMvX98MA0GXk3pgYWk5IuHeLDa2pQ8C0mYc&dib_tag=se&keywords=toy+cars&qid=1767618604&sr=8-43
"TEC TAVAKKAL Diecast 1:36 Thar Toy Car Metal Body Openable Doors, Bonnet & Boot Pull-Back Action for Kids Diecast Model with Light Music Multi Colour",299,₹999,4.3 out of 5 stars,https://amazon.in/TEC-TAVAKKAL-Diecast-Openable-Pull-Back/dp/B0DZ71ZJMH/ref=mp_s_a_1_44?dib=eyJ2IjoiMSJ9.GVsyhnyzSE91dzgbnQWH0AGAdNfFN17ysPb3drbwHPhUsNdYLclmtgYFTjmZYh0LmD2YWIuvzeiYFNTbgU5FZdAuwgd9NgoUp_rkRGDebKsOstgaQ6shyKKJxg3JC5q2bjSGN9OgcGuHacrtwdsx1qyJnvn_XcTJvMLARMCQuzSWn-HKN5gJ3P4oJdMnxHw5rRKmwoxTeO3V1P3kXooM_A.4xikhwOfiMvX98MA0GXk3pgYWk5IuHeLDa2pQ8C0mYc&dib_tag=se&keywords=toy+cars&qid=1767618604&sr=8-44
Kids Die cast 1:36 Defender Toy Car Metal Pullback Toy car with Openable Doors (Random Color as per Stock) (Defender),279,₹499,3.9 out of 5 stars,https://amazon.in/Kammateswara-Kids-die-cast-Pullback/dp/B0DRK4JLTQ/ref=mp_s_a_1_45?dib=eyJ2IjoiMSJ9.GVsyhnyzSE91dzgbnQWH0AGAdNfFN17ysPb3drbwHPhUsNdYLclmtgYFTjmZYh0LmD2YWIuvzeiYFNTbgU5FZdAuwgd9NgoUp_rkRGDebKsOstgaQ6shyKKJxg3JC5q2bjSGN9OgcGuHacrtwdsx1qyJnvn_XcTJvMLARMCQuzSWn-HKN5gJ3P4oJdMnxHw5rRKmwoxTeO3V1P3kXooM_A.4xikhwOfiMvX98MA0GXk3pgYWk5IuHeLDa2pQ8C0mYc&dib_tag=se&keywords=toy+cars&qid=1767618604&sr=8-45
Amazon Brand – Metal Die Cast 1:37 Bug | Orange | Collectible & Durable,369,"₹1,099",4.1 out of 5 stars,https://amazon.in/sspa/click?ie=UTF8&spc=MTo0NTc2NjU4ODc2NDgwMzE0OjE3Njc2MTg2MDQ6c3BfcGhvbmVfc2VhcmNoX2J0ZjozMDA3NTEwODA5OTk2MzI6OjA6Og&url=%2FAmazon-Brand-Orange-Collectible-Durable%2Fdp%2FB0FKZ42MJQ%2Fref%3Dmp_s_a_1_46_sspa%3Fdib%3DeyJ2IjoiMSJ9.GVsyhnyzSE91dzgbnQWH0AGAdNfFN17ysPb3drbwHPhUsNdYLclmtgYFTjmZYh0LmD2YWIuvzeiYFNTbgU5FZdAuwgd9NgoUp_rkRGDebKsOstgaQ6shyKKJxg3JC5q2bjSGN9OgcGuHacrtwdsx1qyJnvn_XcTJvMLARMCQuzSWn-HKN5gJ3P4oJdMnxHw5rRKmwoxTeO3V1P3kXooM_A.4xikhwOfiMvX98MA0GXk3pgYWk5IuHeLDa2pQ8C0mYc%26dib_tag%3Dse%26keywords%3Dtoy%2Bcars%26qid%3D1767618604%26sr%3D8-46-spons%26aref%3DQrc6nb0E8C%26sp_csd%3Dd2lkZ2V0TmFtZT1zcF9waG9uZV9zZWFyY2hfYnRm%26psc%3D1&aref=Qrc6nb0E8C&sp_cr=ZAZ
"1:24 Scale Mercedes-Benz E300 Diecast Model Car, Alloy Metal Luxury Sedan Toy with Openable Doors, Pull Back Action, Sound & Light, Collectible Gift for Kids, Boys & Car Enthusiasts","1,999","₹3,999",,https://amazon.in/sspa/click?ie=UTF8&spc=MTo0NTc2NjU4ODc2NDgwMzE0OjE3Njc2MTg2MDQ6c3BfcGhvbmVfc2VhcmNoX2J0ZjozMDA3NjM4MzY5OTc5MzI6OjA6Og&url=%2FPROUDTORE-Mercedes-Benz-Openable-Collectible-Enthusiasts%2Fdp%2FB0FR32P6ML%2Fref%3Dmp_s_a_1_47_sspa%3Fdib%3DeyJ2IjoiMSJ9.GVsyhnyzSE91dzgbnQWH0AGAdNfFN17ysPb3drbwHPhUsNdYLclmtgYFTjmZYh0LmD2YWIuvzeiYFNTbgU5FZdAuwgd9NgoUp_rkRGDebKsOstgaQ6shyKKJxg3JC5q2bjSGN9OgcGuHacrtwdsx1qyJnvn_XcTJvMLARMCQuzSWn-HKN5gJ3P4oJdMnxHw5rRKmwoxTeO3V1P3kXooM_A.4xikhwOfiMvX98MA0GXk3pgYWk5IuHeLDa2pQ8C0mYc%26dib_tag%3Dse%26keywords%3Dtoy%2Bcars%26qid%3D1767618604%26sr%3D8-47-spons%26aref%3D0kYlrYhPN2%26sp_csd%3Dd2lkZ2V0TmFtZT1zcF9waG9uZV9zZWFyY2hfYnRm%26psc%3D1&aref=0kYlrYhPN2&sp_cr=ZAZ
"Chanak Premium Metal Die-Cast Sports Racer Metal Car with Realistic Engine Sound, LED Lights, Open & Close Doors, Pull Back Car Zinc Alloy for Kids Above 3 Years, BIS Approved (Black)",399,₹999,3.5 out of 5 stars,https://amazon.in/sspa/click?ie=UTF8&spc=MTo1ODkxNjk5MTE3NDc1NDI4OjE3Njc2MTg2MTI6c3BfcGhvbmVfc2VhcmNoX2F0Zl9uZXh0OjMwMDU3MDEwNTAyOTkzMjo6MDo6&url=%2FChanak-Premium-Die-Cast-Realistic-Approved%2Fdp%2FB0CMJ7T5J2%2Fref%3Dmp_s_a_1_43_sspa%3Fdib%3DeyJ2IjoiMSJ9.IAIBpWLS60IHDPgdY97LfBkgJIZ75z-F2yowr6YVcDBAkdzpsGi86-o7TYic7SzpvtpW5fsjg8ujlRZXEfGzGBkUWsL9gcWuElJTfvGFOVUVZY31eOrKR26bW5eR0Cg77H4lE4TU2oBPIBzPIu3cyzRhyhmhMUzjdRl84cg-R-7uokcct12ojGI363YuhENGvc7CO8jpqx8phlG8wxuCWw.G1sDA35sqlw3DtjFURAw6cEoY8uBSHKh2TOXxBVEcTg%26dib_tag%3Dse%26keywords%3Dtoy%2Bcars%26qid%3D1767618612%26sr%3D8-43-spons%26aref%3DHj5quJY3HO%26sp_csd%3Dd2lkZ2V0TmFtZT1zcF9waG9uZV9zZWFyY2hfYXRmX25leHQ%26psc%3D1&aref=Hj5quJY3HO&sp_cr=ZAZ
1007 Police Car Toy for Kids – Blue Friction Powered Car with Lights & Sound | Push and Go Vehicle Toy for Boys Age 8-10 Years,145,₹399,3.7 out of 5 stars,https://amazon.in/BUY-SMILE-1007-Police-Kids/dp/B0FKYCY1D2/ref=mp_s_a_1_44?dib=eyJ2IjoiMSJ9.IAIBpWLS60IHDPgdY97LfBkgJIZ75z-F2yowr6YVcDBAkdzpsGi86-o7TYic7SzpvtpW5fsjg8ujlRZXEfGzGBkUWsL9gcWuElJTfvGFOVUVZY31eOrKR26bW5eR0Cg77H4lE4TU2oBPIBzPIu3cyzRhyhmhMUzjdRl84cg-R-7uokcct12ojGI363YuhENGvc7CO8jpqx8phlG8wxuCWw.G1sDA35sqlw3DtjFURAw6cEoY8uBSHKh2TOXxBVEcTg&dib_tag=se&keywords=toy+cars&qid=1767618612&sr=8-44
"Big Size Monster Truck Friction Powered Cars Toys, 360 Degree Stunt 4wd Cars Push go Truck for Toddlers Kids Gift (Pack of 2 Car) (assorted)",179,"₹1,999",3.8 out of 5 stars,https://amazon.in/Sanghariyat-Monster-Friction-Toddlers-Multi-Color/dp/B0B5LPBG2H/ref=mp_s_a_1_45?dib=eyJ2IjoiMSJ9.IAIBpWLS60IHDPgdY97LfBkgJIZ75z-F2yowr6YVcDBAkdzpsGi86-o7TYic7SzpvtpW5fsjg8ujlRZXEfGzGBkUWsL9gcWuElJTfvGFOVUVZY31eOrKR26bW5eR0Cg77H4lE4TU2oBPIBzPIu3cyzRhyhmhMUzjdRl84cg-R-7uokcct12ojGI363YuhENGvc7CO8jpqx8phlG8wxuCWw.G1sDA35sqlw3DtjFURAw6cEoY8uBSHKh2TOXxBVEcTg&dib_tag=se&keywords=toy+cars&qid=1767618612&sr=8-45
"Centy Toys Plastic Swift Dezire Pull Back Car, Multi Color, 3+",242,₹346,4.0 out of 5 stars,https://amazon.in/Centy-Toys-Swift-Dezire-Multi/dp/B011NXCXQQ/ref=mp_s_a_1_46?dib=eyJ2IjoiMSJ9.IAIBpWLS60IHDPgdY97LfBkgJIZ75z-F2yowr6YVcDBAkdzpsGi86-o7TYic7SzpvtpW5fsjg8ujlRZXEfGzGBkUWsL9gcWuElJTfvGFOVUVZY31eOrKR26bW5eR0Cg77H4lE4TU2oBPIBzPIu3cyzRhyhmhMUzjdRl84cg-R-7uokcct12ojGI363YuhENGvc7CO8jpqx8phlG8wxuCWw.G1sDA35sqlw3DtjFURAw6cEoY8uBSHKh2TOXxBVEcTg&dib_tag=se&keywords=toy+cars&qid=1767618612&sr=8-46
"toyco® Pack of 12 Mini Alloy Metal Pull Back Cars for Kids | Die-Cast Racing Toys Car Play Sets | Durable, Unbreakable, Smooth & Shiny Finish | Small Vehicle Toys for Boys & Girls Age 3+ (Multicolor)",219,₹699,3.9 out of 5 stars,https://amazon.in/Die-Cast-Durable-Unbreakable-Vehicle-Multicolor/dp/B0FDQSG7CQ/ref=mp_s_a_1_47?dib=eyJ2IjoiMSJ9.IAIBpWLS60IHDPgdY97LfBkgJIZ75z-F2yowr6YVcDBAkdzpsGi86-o7TYic7SzpvtpW5fsjg8ujlRZXEfGzGBkUWsL9gcWuElJTfvGFOVUVZY31eOrKR26bW5eR0Cg77H4lE4TU2oBPIBzPIu3cyzRhyhmhMUzjdRl84cg-R-7uokcct12ojGI363YuhENGvc7CO8jpqx8phlG8wxuCWw.G1sDA35sqlw3DtjFURAw6cEoY8uBSHKh2TOXxBVEcTg&dib_tag=se&keywords=toy+cars&qid=1767618612&sr=8-47
"Centy Toys Alloy Drift Car, Pack of 1, Multicolour",279,₹338,4.0 out of 5 stars,https://amazon.in/Centy-Toys-Drift-Car-Multi/dp/B08BY4HJ79/ref=mp_s_a_1_48?dib=eyJ2IjoiMSJ9.IAIBpWLS60IHDPgdY97LfBkgJIZ75z-F2yowr6YVcDBAkdzpsGi86-o7TYic7SzpvtpW5fsjg8ujlRZXEfGzGBkUWsL9gcWuElJTfvGFOVUVZY31eOrKR26bW5eR0Cg77H4lE4TU2oBPIBzPIu3cyzRhyhmhMUzjdRl84cg-R-7uokcct12ojGI363YuhENGvc7CO8jpqx8phlG8wxuCWw.G1sDA35sqlw3DtjFURAw6cEoY8uBSHKh2TOXxBVEcTg&dib_tag=se&keywords=toy+cars&qid=1767618612&sr=8-48
GRAPHENE 4X4 Remote Control Drift Stunt Car 4WD Racing Fall Resistant RC Car 360° Rotating Dual Sided Climbing High-Speed Tumbling Cross-Country Battle Off Road Rechargeable Adults Boy Girl,"1,249","₹3,999",4.1 out of 5 stars,https://amazon.in/GRAPHENE-4X4-Car-Fall-Resistant/dp/B0DSWNBVCH/ref=mp_s_a_1_49?dib=eyJ2IjoiMSJ9.IAIBpWLS60IHDPgdY97LfBkgJIZ75z-F2yowr6YVcDBAkdzpsGi86-o7TYic7SzpvtpW5fsjg8ujlRZXEfGzGBkUWsL9gcWuElJTfvGFOVUVZY31eOrKR26bW5eR0Cg77H4lE4TU2oBPIBzPIu3cyzRhyhmhMUzjdRl84cg-R-7uokcct12ojGI363YuhENGvc7CO8jpqx8phlG8wxuCWw.G1sDA35sqlw3DtjFURAw6cEoY8uBSHKh2TOXxBVEcTg&dib_tag=se&keywords=toy+cars&qid=1767618612&sr=8-49
1.32 Scale Bugatti CHIRON Exclusive Alloy Metal Pull Back Die-cast Car Scale Model with Sound Light Mini Auto Toy for Kids Metal Model Toy Car with Sound and Light-New Version [Black],864,"₹2,999",4.2 out of 5 stars,https://amazon.in/FEXXA-Exclusive-Die-cast-Version-Bugatti/dp/B0CJ5TC15Q/ref=mp_s_a_1_50?dib=eyJ2IjoiMSJ9.IAIBpWLS60IHDPgdY97LfBkgJIZ75z-F2yowr6YVcDBAkdzpsGi86-o7TYic7SzpvtpW5fsjg8ujlRZXEfGzGBkUWsL9gcWuElJTfvGFOVUVZY31eOrKR26bW5eR0Cg77H4lE4TU2oBPIBzPIu3cyzRhyhmhMUzjdRl84cg-R-7uokcct12ojGI363YuhENGvc7CO8jpqx8phlG8wxuCWw.G1sDA35sqlw3DtjFURAw6cEoY8uBSHKh2TOXxBVEcTg&dib_tag=se&keywords=toy+cars&qid=1767618612&sr=8-50
"Vintage Die-Cast Car Model 1:32 Scale | Alloy Metal Car with Openable Doors, Hood & Trunk | LED Headlight & Taillight with Sound | Pull Back & Go Toy for Kids & Collectors (Black)",999,"₹1,469",5.0 out of 5 stars,https://amazon.in/sspa/click?ie=UTF8&spc=MTo1ODkxNjk5MTE3NDc1NDI4OjE3Njc2MTg2MTI6c3BfcGhvbmVfc2VhcmNoX210ZjozMDA4NzYxNDk4Mzg5MzI6OjA6Og&url=%2FHAPPY-CHAPPIE-Headlight-Taillight-Collectors%2Fdp%2FB0G5PV1NHQ%2Fref%3Dmp_s_a_1_51_sspa%3Fdib%3DeyJ2IjoiMSJ9.IAIBpWLS60IHDPgdY97LfBkgJIZ75z-F2yowr6YVcDBAkdzpsGi86-o7TYic7SzpvtpW5fsjg8ujlRZXEfGzGBkUWsL9gcWuElJTfvGFOVUVZY31eOrKR26bW5eR0Cg77H4lE4TU2oBPIBzPIu3cyzRhyhmhMUzjdRl84cg-R-7uokcct12ojGI363YuhENGvc7CO8jpqx8phlG8wxuCWw.G1sDA35sqlw3DtjFURAw6cEoY8uBSHKh2TOXxBVEcTg%26dib_tag%3Dse%26keywords%3Dtoy%2Bcars%26qid%3D1767618612%26sr%3D8-51-spons%26aref%3DXtEKdcb5dp%26sp_csd%3Dd2lkZ2V0TmFtZT1zcF9waG9uZV9zZWFyY2hfbXRm%26psc%3D1&aref=XtEKdcb5dp&sp_cr=ZAZ
"Leading Ideal One EV Diecast 1:32 Scale Model Alloy Metal Pull Back Toy car for Kids with Openable Doors & Light, Music Toy Vehicle for Kids [Colors as Per Stock] (1:32 Leading Ideal L9 SUV)","1,199","₹2,999",5.0 out of 5 stars,https://amazon.in/sspa/click?ie=UTF8&spc=MTo1ODkxNjk5MTE3NDc1NDI4OjE3Njc2MTg2MTI6c3BfcGhvbmVfc2VhcmNoX210ZjozMDA4NDc3ODk3MjUxMzI6OjA6Og&url=%2FLeading-Ideal-One-EV-Diecast%2Fdp%2FB0F98ZH96S%2Fref%3Dmp_s_a_1_52_sspa%3Fdib%3DeyJ2IjoiMSJ9.IAIBpWLS60IHDPgdY97LfBkgJIZ75z-F2yowr6YVcDBAkdzpsGi86-o7TYic7SzpvtpW5fsjg8ujlRZXEfGzGBkUWsL9gcWuElJTfvGFOVUVZY31eOrKR26bW5eR0Cg77H4lE4TU2oBPIBzPIu3cyzRhyhmhMUzjdRl84cg-R-7uokcct12ojGI363YuhENGvc7CO8jpqx8phlG8wxuCWw.G1sDA35sqlw3DtjFURAw6cEoY8uBSHKh2TOXxBVEcTg%26dib_tag%3Dse%26keywords%3Dtoy%2Bcars%26qid%3D1767618612%26sr%3D8-52-spons%26aref%3DvbpWuXQSdn%26sp_csd%3Dd2lkZ2V0TmFtZT1zcF9waG9uZV9zZWFyY2hfbXRm%26psc%3D1&aref=vbpWuXQSdn&sp_cr=ZAZ
1:36 Scale Die Cast Mercedez-Benz Alloy Car Toy | Openable Doors | Rubber Tyres | Rear Wheel Pull-Back | Metal Body Model Car | Gulf Racing Edition | Collectible Vehicle for Kids & Adults,299,₹999,4.4 out of 5 stars,https://amazon.in/TOYRENTTO-Mercedez-Benz-Openable-Pull-Back-Collectible/dp/B0G6XCNLJT/ref=mp_s_a_1_53?dib=eyJ2IjoiMSJ9.IAIBpWLS60IHDPgdY97LfBkgJIZ75z-F2yowr6YVcDBAkdzpsGi86-o7TYic7SzpvtpW5fsjg8ujlRZXEfGzGBkUWsL9gcWuElJTfvGFOVUVZY31eOrKR26bW5eR0Cg77H4lE4TU2oBPIBzPIu3cyzRhyhmhMUzjdRl84cg-R-7uokcct12ojGI363YuhENGvc7CO8jpqx8phlG8wxuCWw.G1sDA35sqlw3DtjFURAw6cEoY8uBSHKh2TOXxBVEcTg&dib_tag=se&keywords=toy+cars&qid=1767618612&sr=8-53
RAM Mammoth Pick-Up Model Car 1:32 Exclusive Alloy Metal Pull Back Die-cast Car Die-cast Metal Pullback Toy car with Openable Doors & Light Music ((Black),893,"₹1,999",4.4 out of 5 stars,https://amazon.in/JOY-JUNCTION-Mammoth-Pick-Up-Model/dp/B0DK1MQGHS/ref=mp_s_a_1_54?dib=eyJ2IjoiMSJ9.IAIBpWLS60IHDPgdY97LfBkgJIZ75z-F2yowr6YVcDBAkdzpsGi86-o7TYic7SzpvtpW5fsjg8ujlRZXEfGzGBkUWsL9gcWuElJTfvGFOVUVZY31eOrKR26bW5eR0Cg77H4lE4TU2oBPIBzPIu3cyzRhyhmhMUzjdRl84cg-R-7uokcct12ojGI363YuhENGvc7CO8jpqx8phlG8wxuCWw.G1sDA35sqlw3DtjFURAw6cEoY8uBSHKh2TOXxBVEcTg&dib_tag=se&keywords=toy+cars&qid=1767618612&sr=8-54
"PRIME DEALS 1:32 Bugatti Divo Exclusive Alloy Metal Pull Back Die-cast Car Diecast Metal Pullback Toy car with Openable Doors Hood & Light, Music Decorative Mini Vehicles Gifts for Kids (Grey)",699,"₹1,499",4.3 out of 5 stars,https://amazon.in/PRIME-DEALS-Exclusive-Die-cast-Decorative/dp/B0CFFMKTBD/ref=mp_s_a_1_55?dib=eyJ2IjoiMSJ9.IAIBpWLS60IHDPgdY97LfBkgJIZ75z-F2yowr6YVcDBAkdzpsGi86-o7TYic7SzpvtpW5fsjg8ujlRZXEfGzGBkUWsL9gcWuElJTfvGFOVUVZY31eOrKR26bW5eR0Cg77H4lE4TU2oBPIBzPIu3cyzRhyhmhMUzjdRl84cg-R-7uokcct12ojGI363YuhENGvc7CO8jpqx8phlG8wxuCWw.G1sDA35sqlw3DtjFURAw6cEoY8uBSHKh2TOXxBVEcTg&dib_tag=se&keywords=toy+cars&qid=1767618612&sr=8-55
"Gooyo 6328-2 Battery Operated 3D Lights Famous Remote Control High Speed Racing Car Toy for Kids | Blue Color, Power Source: 3xAA Battery in Car & 2xAA Battery in Remote Controller (Not Included)",219,₹799,3.2 out of 5 stars,https://amazon.in/Gooyo-6328-2-Battery-Operated-Functions/dp/B0BTHDPC5M/ref=mp_s_a_1_56?dib=eyJ2IjoiMSJ9.IAIBpWLS60IHDPgdY97LfBkgJIZ75z-F2yowr6YVcDBAkdzpsGi86-o7TYic7SzpvtpW5fsjg8ujlRZXEfGzGBkUWsL9gcWuElJTfvGFOVUVZY31eOrKR26bW5eR0Cg77H4lE4TU2oBPIBzPIu3cyzRhyhmhMUzjdRl84cg-R-7uokcct12ojGI363YuhENGvc7CO8jpqx8phlG8wxuCWw.G1sDA35sqlw3DtjFURAw6cEoY8uBSHKh2TOXxBVEcTg&dib_tag=se&keywords=toy+cars&qid=1767618612&sr=8-56
Tesla Cyber Truck 1:36 Model Car Exclusive Alloy Metal Pull Back Die-cast Car Diecast Metal Toy car with Openable Doors & Light Music Best Gifts Toys Kids [Color As Per Stock],449,"₹3,499",4.0 out of 5 stars,https://amazon.in/Mashes-Exclusive-Die-cast-Kids%E3%80%90Colors-CyberTruck/dp/B0DP2XP75J/ref=mp_s_a_1_57?dib=eyJ2IjoiMSJ9.IAIBpWLS60IHDPgdY97LfBkgJIZ75z-F2yowr6YVcDBAkdzpsGi86-o7TYic7SzpvtpW5fsjg8ujlRZXEfGzGBkUWsL9gcWuElJTfvGFOVUVZY31eOrKR26bW5eR0Cg77H4lE4TU2oBPIBzPIu3cyzRhyhmhMUzjdRl84cg-R-7uokcct12ojGI363YuhENGvc7CO8jpqx8phlG8wxuCWw.G1sDA35sqlw3DtjFURAw6cEoY8uBSHKh2TOXxBVEcTg&dib_tag=se&keywords=toy+cars&qid=1767618612&sr=8-57
"Centy Toys Plastic Pull Back Car, 1 Pull Back Car, Multicolour",248,₹256,4.1 out of 5 stars,https://amazon.in/Centy-Toys-Sports-Multi-Color/dp/B0175YVTO4/ref=mp_s_a_1_58?dib=eyJ2IjoiMSJ9.IAIBpWLS60IHDPgdY97LfBkgJIZ75z-F2yowr6YVcDBAkdzpsGi86-o7TYic7SzpvtpW5fsjg8ujlRZXEfGzGBkUWsL9gcWuElJTfvGFOVUVZY31eOrKR26bW5eR0Cg77H4lE4TU2oBPIBzPIu3cyzRhyhmhMUzjdRl84cg-R-7uokcct12ojGI363YuhENGvc7CO8jpqx8phlG8wxuCWw.G1sDA35sqlw3DtjFURAw6cEoY8uBSHKh2TOXxBVEcTg&dib_tag=se&keywords=toy+cars&qid=1767618612&sr=8-58
Sky Tech® Black Super Hero Mini Metal Die Cast Car Set of-6 Toy Vehicle Play Set Free Wheel High Speed Unbreakable for Kids Small Racing Car for Exciting Playtime Adventures Movie Vehicle,359,"₹1,999",4.0 out of 5 stars,https://amazon.in/Sky-Unbreakable-Exciting-Playtime-Adventures/dp/B0DPC8VSNQ/ref=mp_s_a_1_59?dib=eyJ2IjoiMSJ9.IAIBpWLS60IHDPgdY97LfBkgJIZ75z-F2yowr6YVcDBAkdzpsGi86-o7TYic7SzpvtpW5fsjg8ujlRZXEfGzGBkUWsL9gcWuElJTfvGFOVUVZY31eOrKR26bW5eR0Cg77H4lE4TU2oBPIBzPIu3cyzRhyhmhMUzjdRl84cg-R-7uokcct12ojGI363YuhENGvc7CO8jpqx8phlG8wxuCWw.G1sDA35sqlw3DtjFURAw6cEoY8uBSHKh2TOXxBVEcTg&dib_tag=se&keywords=toy+cars&qid=1767618612&sr=8-59
Amazon Brand – Metal Die Cast 1:37 Bug | Orange | Collectible & Durable,369,"₹1,099",4.1 out of 5 stars,https://amazon.in/sspa/click?ie=UTF8&spc=MTo1ODkxNjk5MTE3NDc1NDI4OjE3Njc2MTg2MTI6c3BfcGhvbmVfc2VhcmNoX2J0ZjozMDA3NTEwODA5OTk2MzI6OjA6Og&url=%2FAmazon-Brand-Orange-Collectible-Durable%2Fdp%2FB0FKZ42MJQ%2Fref%3Dmp_s_a_1_60_sspa%3Fdib%3DeyJ2IjoiMSJ9.IAIBpWLS60IHDPgdY97LfBkgJIZ75z-F2yowr6YVcDBAkdzpsGi86-o7TYic7SzpvtpW5fsjg8ujlRZXEfGzGBkUWsL9gcWuElJTfvGFOVUVZY31eOrKR26bW5eR0Cg77H4lE4TU2oBPIBzPIu3cyzRhyhmhMUzjdRl84cg-R-7uokcct12ojGI363YuhENGvc7CO8jpqx8phlG8wxuCWw.G1sDA35sqlw3DtjFURAw6cEoY8uBSHKh2TOXxBVEcTg%26dib_tag%3Dse%26keywords%3Dtoy%2Bcars%26qid%3D1767618612%26sr%3D8-60-spons%26aref%3DQrc6nb0E8C%26sp_csd%3Dd2lkZ2V0TmFtZT1zcF9waG9uZV9zZWFyY2hfYnRm%26psc%3D1&aref=Qrc6nb0E8C&sp_cr=ZAZ
"Pull Back Cars Set, 48 Pieces Alloy Racing Car Toys, Metal Trucks Toy Vehicles, for Kids Ages 3-8, Party Favors","1,699","₹4,999",,https://amazon.in/sspa/click?ie=UTF8&spc=MTo1ODkxNjk5MTE3NDc1NDI4OjE3Njc2MTg2MTI6c3BfcGhvbmVfc2VhcmNoX2J0ZjozMDA4NzUyNTQxMTM3MzI6OjA6Og&url=%2FSQURY-Pieces-Racing-Trucks-Vehicles%2Fdp%2FB0G71N9TFG%2Fref%3Dmp_s_a_1_61_sspa%3Fdib%3DeyJ2IjoiMSJ9.IAIBpWLS60IHDPgdY97LfBkgJIZ75z-F2yowr6YVcDBAkdzpsGi86-o7TYic7SzpvtpW5fsjg8ujlRZXEfGzGBkUWsL9gcWuElJTfvGFOVUVZY31eOrKR26bW5eR0Cg77H4lE4TU2oBPIBzPIu3cyzRhyhmhMUzjdRl84cg-R-7uokcct12ojGI363YuhENGvc7CO8jpqx8phlG8wxuCWw.G1sDA35sqlw3DtjFURAw6cEoY8uBSHKh2TOXxBVEcTg%26dib_tag%3Dse%26keywords%3Dtoy%2Bcars%26qid%3D1767618612%26sr%3D8-61-spons%26aref%3DuiL3OWczq3%26sp_csd%3Dd2lkZ2V0TmFtZT1zcF9waG9uZV9zZWFyY2hfYnRm%26psc%3D1&aref=uiL3OWczq3&sp_cr=ZAZ
"Chanak Premium Metal Die-Cast Sports Racer Metal Car with Realistic Engine Sound, LED Lights, Open & Close Doors, Pull Back Car Zinc Alloy for Kids Above 3 Years, BIS Approved (Black)",399,₹999,3.5 out of 5 stars,https://amazon.in/sspa/click?ie=UTF8&spc=MTozMzc5MzIwNTUyMDY0MTI0OjE3Njc2MTg2MjE6c3BfcGhvbmVfc2VhcmNoX2F0Zl9uZXh0OjMwMDU3MDEwNTAyOTkzMjo6MDo6&url=%2FChanak-Premium-Die-Cast-Realistic-Approved%2Fdp%2FB0CMJ7T5J2%2Fref%3Dmp_s_a_1_57_sspa%3Fdib%3DeyJ2IjoiMSJ9.LeE2KAziYTR4Zy81kzpM1yLWwBcxiYUDvCwYSCErVKsofF_-RK712uW54lMsG3xZy4PA5h-bJAq5pVbeErimRsqgJosqm54RvGuw4njl1I-ZYpjsP50CcbgAOPZOYyGjl6SkxExOfn4kUzxq0dSi_X9uZbYG9VhCbENDynWfegiXbEcVI6zu4Tix_xZMzlq8tHi1KbEYtI2llOTDal2_iQ.v2khlQnGJ4T6FANMJ8Cc5lXDuKJwKHYqVmA9ymLwLq4%26dib_tag%3Dse%26keywords%3Dtoy%2Bcars%26qid%3D1767618621%26sr%3D8-57-spons%26aref%3DHj5quJY3HO%26sp_csd%3Dd2lkZ2V0TmFtZT1zcF9waG9uZV9zZWFyY2hfYXRmX25leHQ%26psc%3D1&aref=Hj5quJY3HO&sp_cr=ZAZ
Sky Tech® Black Super Hero Mini Metal Die Cast Car Set of-6 Toy Vehicle Play Set Free Wheel High Speed Unbreakable for Kids Small Racing Car for Exciting Playtime Adventures Movie Vehicle,359,"₹1,999",4.0 out of 5 stars,https://amazon.in/Sky-Unbreakable-Exciting-Playtime-Adventures/dp/B0DPC8VSNQ/ref=mp_s_a_1_58?dib=eyJ2IjoiMSJ9.LeE2KAziYTR4Zy81kzpM1yLWwBcxiYUDvCwYSCErVKsofF_-RK712uW54lMsG3xZy4PA5h-bJAq5pVbeErimRsqgJosqm54RvGuw4njl1I-ZYpjsP50CcbgAOPZOYyGjl6SkxExOfn4kUzxq0dSi_X9uZbYG9VhCbENDynWfegiXbEcVI6zu4Tix_xZMzlq8tHi1KbEYtI2llOTDal2_iQ.v2khlQnGJ4T6FANMJ8Cc5lXDuKJwKHYqVmA9ymLwLq4&dib_tag=se&keywords=toy+cars&qid=1767618621&sr=8-58
"HARRY & JAMES® Convertible Thar 1:32 Scale DieCast Metal Pull-Back Action Openable Doors & HoodTop 4x4 Thar/Jeep with Sound & Lights Realistic Open Jeep Thar for Kids,Boys,Girls,Childrens,Multicolor.",289,₹999,4.0 out of 5 stars,https://amazon.in/HARRY-JAMES%C2%AE-Convertible-Thar-Multicolor/dp/B0FF524D8C/ref=mp_s_a_1_59?dib=eyJ2IjoiMSJ9.LeE2KAziYTR4Zy81kzpM1yLWwBcxiYUDvCwYSCErVKsofF_-RK712uW54lMsG3xZy4PA5h-bJAq5pVbeErimRsqgJosqm54RvGuw4njl1I-ZYpjsP50CcbgAOPZOYyGjl6SkxExOfn4kUzxq0dSi_X9uZbYG9VhCbENDynWfegiXbEcVI6zu4Tix_xZMzlq8tHi1KbEYtI2llOTDal2_iQ.v2khlQnGJ4T6FANMJ8Cc5lXDuKJwKHYqVmA9ymLwLq4&dib_tag=se&keywords=toy+cars&qid=1767618621&sr=8-59
"48 Pcs Pull Back Car Set, Alloy Racing Car Toys, Bulk Mental Trucks Toy Vehicles Set, Toy Cars for Kids Ages 3-8, Goodie Bag Stuffers, Mini Cars, Party Favors for Kids Boys & Girls",999,"₹5,999",4.4 out of 5 stars,https://amazon.in/WONDERSPROUT-Racing-Mental-Vehicles-Stuffers/dp/B0G3G4WK5W/ref=mp_s_a_1_60?dib=eyJ2IjoiMSJ9.LeE2KAziYTR4Zy81kzpM1yLWwBcxiYUDvCwYSCErVKsofF_-RK712uW54lMsG3xZy4PA5h-bJAq5pVbeErimRsqgJosqm54RvGuw4njl1I-ZYpjsP50CcbgAOPZOYyGjl6SkxExOfn4kUzxq0dSi_X9uZbYG9VhCbENDynWfegiXbEcVI6zu4Tix_xZMzlq8tHi1KbEYtI2llOTDal2_iQ.v2khlQnGJ4T6FANMJ8Cc5lXDuKJwKHYqVmA9ymLwLq4&dib_tag=se&keywords=toy+cars&qid=1767618621&sr=8-60
Mini Transforming Car to Robot Toy – Friction Powered Push & Go Bump and Transform Vehicle for Kids (Random Color) Pack of 1,199,"₹1,299",5.0 out of 5 stars,https://amazon.in/kidsferry-Mini-Transforming-Car-Robot/dp/B0FRXXBYXP/ref=mp_s_a_1_61_mod_primary_new?dib=eyJ2IjoiMSJ9.LeE2KAziYTR4Zy81kzpM1yLWwBcxiYUDvCwYSCErVKsofF_-RK712uW54lMsG3xZy4PA5h-bJAq5pVbeErimRsqgJosqm54RvGuw4njl1I-ZYpjsP50CcbgAOPZOYyGjl6SkxExOfn4kUzxq0dSi_X9uZbYG9VhCbENDynWfegiXbEcVI6zu4Tix_xZMzlq8tHi1KbEYtI2llOTDal2_iQ.v2khlQnGJ4T6FANMJ8Cc5lXDuKJwKHYqVmA9ymLwLq4&dib_tag=se&keywords=toy+cars&qid=1767618621&sbo=RZvfv%2F%2FHxDF%2BO5021pAnSA%3D%3D&sr=8-61
BMW Model Car 1:32 Exclusive Alloy Metal Pull Back Die-cast Car Die-cast Metal Pullback Toy car with Openable Doors & Light Music (Black),894,"₹1,999",4.4 out of 5 stars,https://amazon.in/JOY-JUNCTION-BMW-Model-Car/dp/B0F181CYM1/ref=mp_s_a_1_62?dib=eyJ2IjoiMSJ9.LeE2KAziYTR4Zy81kzpM1yLWwBcxiYUDvCwYSCErVKsofF_-RK712uW54lMsG3xZy4PA5h-bJAq5pVbeErimRsqgJosqm54RvGuw4njl1I-ZYpjsP50CcbgAOPZOYyGjl6SkxExOfn4kUzxq0dSi_X9uZbYG9VhCbENDynWfegiXbEcVI6zu4Tix_xZMzlq8tHi1KbEYtI2llOTDal2_iQ.v2khlQnGJ4T6FANMJ8Cc5lXDuKJwKHYqVmA9ymLwLq4&dib_tag=se&keywords=toy+cars&qid=1767618621&sr=8-62
"The Flyers Bay 1:32 Scale DieCast Metal Pull-Back Action Openable Doors, Lights and Music Rolls-Royce Phantom Premium Car Toy for Kids Realistic Miniature Model Gift 2+yrs Girls Boys Available (Red)",301,"₹1,299",3.9 out of 5 stars,https://amazon.in/Flyers-Bay-Pull-Back-Rolls-Royce-Realistic/dp/B0FD7J7D5B/ref=mp_s_a_1_63?dib=eyJ2IjoiMSJ9.LeE2KAziYTR4Zy81kzpM1yLWwBcxiYUDvCwYSCErVKsofF_-RK712uW54lMsG3xZy4PA5h-bJAq5pVbeErimRsqgJosqm54RvGuw4njl1I-ZYpjsP50CcbgAOPZOYyGjl6SkxExOfn4kUzxq0dSi_X9uZbYG9VhCbENDynWfegiXbEcVI6zu4Tix_xZMzlq8tHi1KbEYtI2llOTDal2_iQ.v2khlQnGJ4T6FANMJ8Cc5lXDuKJwKHYqVmA9ymLwLq4&dib_tag=se&keywords=toy+cars&qid=1767618621&sr=8-63
"Craft and Toys® (Pack of 4) Matal Car | Mini Car Set - Metal Cars for Kids, Gift for Collectors & Kids(S20)",98,₹250,4.3 out of 5 stars,https://amazon.in/Craft-Toys%C2%AE-Pack-Matal-Mini/dp/B0DLX3CCMT/ref=mp_s_a_1_64?dib=eyJ2IjoiMSJ9.LeE2KAziYTR4Zy81kzpM1yLWwBcxiYUDvCwYSCErVKsofF_-RK712uW54lMsG3xZy4PA5h-bJAq5pVbeErimRsqgJosqm54RvGuw4njl1I-ZYpjsP50CcbgAOPZOYyGjl6SkxExOfn4kUzxq0dSi_X9uZbYG9VhCbENDynWfegiXbEcVI6zu4Tix_xZMzlq8tHi1KbEYtI2llOTDal2_iQ.v2khlQnGJ4T6FANMJ8Cc5lXDuKJwKHYqVmA9ymLwLq4&dib_tag=se&keywords=toy+cars&qid=1767618621&sr=8-64
"Vintage Die-Cast Car Model 1:32 Scale | Alloy Metal Car with Openable Doors, Hood & Trunk | LED Headlight & Taillight with Sound | Pull Back & Go Toy for Kids & Collectors (Black)",999,"₹1,469",5.0 out of 5 stars,https://amazon.in/sspa/click?ie=UTF8&spc=MTozMzc5MzIwNTUyMDY0MTI0OjE3Njc2MTg2MjE6c3BfcGhvbmVfc2VhcmNoX210ZjozMDA4NzYxNDk4Mzg5MzI6OjA6Og&url=%2FHAPPY-CHAPPIE-Headlight-Taillight-Collectors%2Fdp%2FB0G5PV1NHQ%2Fref%3Dmp_s_a_1_65_sspa%3Fdib%3DeyJ2IjoiMSJ9.LeE2KAziYTR4Zy81kzpM1yLWwBcxiYUDvCwYSCErVKsofF_-RK712uW54lMsG3xZy4PA5h-bJAq5pVbeErimRsqgJosqm54RvGuw4njl1I-ZYpjsP50CcbgAOPZOYyGjl6SkxExOfn4kUzxq0dSi_X9uZbYG9VhCbENDynWfegiXbEcVI6zu4Tix_xZMzlq8tHi1KbEYtI2llOTDal2_iQ.v2khlQnGJ4T6FANMJ8Cc5lXDuKJwKHYqVmA9ymLwLq4%26dib_tag%3Dse%26keywords%3Dtoy%2Bcars%26qid%3D1767618621%26sr%3D8-65-spons%26aref%3DXtEKdcb5dp%26sp_csd%3Dd2lkZ2V0TmFtZT1zcF9waG9uZV9zZWFyY2hfbXRm%26psc%3D1&aref=XtEKdcb5dp&sp_cr=ZAZ
"Leading Ideal One EV Diecast 1:32 Scale Model Alloy Metal Pull Back Toy car for Kids with Openable Doors & Light, Music Toy Vehicle for Kids [Colors as Per Stock] (1:32 Leading Ideal L9 SUV)","1,199","₹2,999",5.0 out of 5 stars,https://amazon.in/sspa/click?ie=UTF8&spc=MTozMzc5MzIwNTUyMDY0MTI0OjE3Njc2MTg2MjE6c3BfcGhvbmVfc2VhcmNoX210ZjozMDA4NDc3ODk3MjUxMzI6OjA6Og&url=%2FLeading-Ideal-One-EV-Diecast%2Fdp%2FB0F98ZH96S%2Fref%3Dmp_s_a_1_66_sspa%3Fdib%3DeyJ2IjoiMSJ9.LeE2KAziYTR4Zy81kzpM1yLWwBcxiYUDvCwYSCErVKsofF_-RK712uW54lMsG3xZy4PA5h-bJAq5pVbeErimRsqgJosqm54RvGuw4njl1I-ZYpjsP50CcbgAOPZOYyGjl6SkxExOfn4kUzxq0dSi_X9uZbYG9VhCbENDynWfegiXbEcVI6zu4Tix_xZMzlq8tHi1KbEYtI2llOTDal2_iQ.v2khlQnGJ4T6FANMJ8Cc5lXDuKJwKHYqVmA9ymLwLq4%26dib_tag%3Dse%26keywords%3Dtoy%2Bcars%26qid%3D1767618621%26sr%3D8-66-spons%26aref%3DvbpWuXQSdn%26sp_csd%3Dd2lkZ2V0TmFtZT1zcF9waG9uZV9zZWFyY2hfbXRm%26psc%3D1&aref=vbpWuXQSdn&sp_cr=ZAZ
"Chanak Premium Metal Die-Cast Sports Racer Metal Car with Realistic Engine Sound, LED Lights, Open & Close Doors, Pull Back Car Zinc Alloy for Kids Above 3 Years, BIS Approved (Black)",399,₹999,3.5 out of 5 stars,https://amazon.in/Chanak-Premium-Die-Cast-Realistic-Approved/dp/B0CMJ7T5J2/ref=mp_s_a_1_67?dib=eyJ2IjoiMSJ9.LeE2KAziYTR4Zy81kzpM1yLWwBcxiYUDvCwYSCErVKsofF_-RK712uW54lMsG3xZy4PA5h-bJAq5pVbeErimRsqgJosqm54RvGuw4njl1I-ZYpjsP50CcbgAOPZOYyGjl6SkxExOfn4kUzxq0dSi_X9uZbYG9VhCbENDynWfegiXbEcVI6zu4Tix_xZMzlq8tHi1KbEYtI2llOTDal2_iQ.v2khlQnGJ4T6FANMJ8Cc5lXDuKJwKHYqVmA9ymLwLq4&dib_tag=se&keywords=toy+cars&qid=1767618621&sr=8-67
Jack Royal High-Speed Off-Road Defender Rover Rc Car with Light Racing Car Toy Vehicle Remote Control Car for Kids (Rechargeable) (Green),739,"₹2,499",3.7 out of 5 stars,https://amazon.in/Jack-Royal-High-Speed-Off-Road-Rechargeable/dp/B0F3329MJ8/ref=mp_s_a_1_68?dib=eyJ2IjoiMSJ9.LeE2KAziYTR4Zy81kzpM1yLWwBcxiYUDvCwYSCErVKsofF_-RK712uW54lMsG3xZy4PA5h-bJAq5pVbeErimRsqgJosqm54RvGuw4njl1I-ZYpjsP50CcbgAOPZOYyGjl6SkxExOfn4kUzxq0dSi_X9uZbYG9VhCbENDynWfegiXbEcVI6zu4Tix_xZMzlq8tHi1KbEYtI2llOTDal2_iQ.v2khlQnGJ4T6FANMJ8Cc5lXDuKJwKHYqVmA9ymLwLq4&dib_tag=se&keywords=toy+cars&qid=1767618621&sr=8-68
"VGRASSP 1:32 Scale Mini Die Cast Pull Back Action Car Toy for Kids with Rubber Tires, Realistic Design Openable Doors - Off-Road Scale Model - Color As Per Stock (Open Roof Thar)",299,₹799,4.0 out of 5 stars,https://amazon.in/VGRASSP-Action-Realistic-Openable-Off-Road/dp/B0DJM8R8YL/ref=mp_s_a_1_69?dib=eyJ2IjoiMSJ9.LeE2KAziYTR4Zy81kzpM1yLWwBcxiYUDvCwYSCErVKsofF_-RK712uW54lMsG3xZy4PA5h-bJAq5pVbeErimRsqgJosqm54RvGuw4njl1I-ZYpjsP50CcbgAOPZOYyGjl6SkxExOfn4kUzxq0dSi_X9uZbYG9VhCbENDynWfegiXbEcVI6zu4Tix_xZMzlq8tHi1KbEYtI2llOTDal2_iQ.v2khlQnGJ4T6FANMJ8Cc5lXDuKJwKHYqVmA9ymLwLq4&dib_tag=se&keywords=toy+cars&qid=1767618621&sr=8-69
Wembley Rc Car High Speed Racing Remote Control Car for Kids Rechargeable 1:24 Scale Mini Remote Car - Bis Approved - Yellow,569,"₹1,499",3.7 out of 5 stars,https://amazon.in/Wembley-High-Speed-Mini-Rechargeable/dp/B0BN8TB88G/ref=mp_s_a_1_70?dib=eyJ2IjoiMSJ9.LeE2KAziYTR4Zy81kzpM1yLWwBcxiYUDvCwYSCErVKsofF_-RK712uW54lMsG3xZy4PA5h-bJAq5pVbeErimRsqgJosqm54RvGuw4njl1I-ZYpjsP50CcbgAOPZOYyGjl6SkxExOfn4kUzxq0dSi_X9uZbYG9VhCbENDynWfegiXbEcVI6zu4Tix_xZMzlq8tHi1KbEYtI2llOTDal2_iQ.v2khlQnGJ4T6FANMJ8Cc5lXDuKJwKHYqVmA9ymLwLq4&dib_tag=se&keywords=toy+cars&qid=1767618621&sr=8-70
Storio Pack of 4 4x4 Friction Powered Mini Monster Trucks for Boys 3-7 Years | Durable Alloy & Non-Toxic Plastic Car Toys | Educational Toy Vehicles with Non-Slip Tires | Gift for Kids,249,₹599,4.2 out of 5 stars,https://amazon.in/Storio-Friction-Non-Toxic-Educational-Vehicles/dp/B0F7FKSWPW/ref=mp_s_a_1_71?dib=eyJ2IjoiMSJ9.LeE2KAziYTR4Zy81kzpM1yLWwBcxiYUDvCwYSCErVKsofF_-RK712uW54lMsG3xZy4PA5h-bJAq5pVbeErimRsqgJosqm54RvGuw4njl1I-ZYpjsP50CcbgAOPZOYyGjl6SkxExOfn4kUzxq0dSi_X9uZbYG9VhCbENDynWfegiXbEcVI6zu4Tix_xZMzlq8tHi1KbEYtI2llOTDal2_iQ.v2khlQnGJ4T6FANMJ8Cc5lXDuKJwKHYqVmA9ymLwLq4&dib_tag=se&keywords=toy+cars&qid=1767618621&sr=8-71
"Gooyo GY-222CH Rechargeable Remote Control Car Toy | Black Color, Power Source: Lithium Rechargeable Battery for Car (Included) & 2xAA Battery for Remote Controller (Not Included)",399,₹899,3.4 out of 5 stars,https://amazon.in/Gooyo-GY-222CH-Rechargeable-Remote-Control/dp/B0CBQ4N649/ref=mp_s_a_1_72?dib=eyJ2IjoiMSJ9.LeE2KAziYTR4Zy81kzpM1yLWwBcxiYUDvCwYSCErVKsofF_-RK712uW54lMsG3xZy4PA5h-bJAq5pVbeErimRsqgJosqm54RvGuw4njl1I-ZYpjsP50CcbgAOPZOYyGjl6SkxExOfn4kUzxq0dSi_X9uZbYG9VhCbENDynWfegiXbEcVI6zu4Tix_xZMzlq8tHi1KbEYtI2llOTDal2_iQ.v2khlQnGJ4T6FANMJ8Cc5lXDuKJwKHYqVmA9ymLwLq4&dib_tag=se&keywords=toy+cars&qid=1767618621&sr=8-72
"popsugar Off Roader Rechargeable Remote Control Car | RC Car Monster Truck | 4 Headlight Modes | Lithium Battery | C-Type Charging | 2.4GHz Remote Controller | Made in India, Blue","1,199","₹2,299",4.0 out of 5 stars,https://amazon.in/popsugar-VEFR5557-Blue-Ford-Blue/dp/B0CQTNV9H7/ref=mp_s_a_1_73?dib=eyJ2IjoiMSJ9.LeE2KAziYTR4Zy81kzpM1yLWwBcxiYUDvCwYSCErVKsofF_-RK712uW54lMsG3xZy4PA5h-bJAq5pVbeErimRsqgJosqm54RvGuw4njl1I-ZYpjsP50CcbgAOPZOYyGjl6SkxExOfn4kUzxq0dSi_X9uZbYG9VhCbENDynWfegiXbEcVI6zu4Tix_xZMzlq8tHi1KbEYtI2llOTDal2_iQ.v2khlQnGJ4T6FANMJ8Cc5lXDuKJwKHYqVmA9ymLwLq4&dib_tag=se&keywords=toy+cars&qid=1767618621&sr=8-73
Amazon Brand – Metal Die Cast 1:37 Bug | Orange | Collectible & Durable,369,"₹1,099",4.1 out of 5 stars,https://amazon.in/sspa/click?ie=UTF8&spc=MTozMzc5MzIwNTUyMDY0MTI0OjE3Njc2MTg2MjE6c3BfcGhvbmVfc2VhcmNoX2J0ZjozMDA3NTEwODA5OTk2MzI6OjA6Og&url=%2FAmazon-Brand-Orange-Collectible-Durable%2Fdp%2FB0FKZ42MJQ%2Fref%3Dmp_s_a_1_74_sspa%3Fdib%3DeyJ2IjoiMSJ9.LeE2KAziYTR4Zy81kzpM1yLWwBcxiYUDvCwYSCErVKsofF_-RK712uW54lMsG3xZy4PA5h-bJAq5pVbeErimRsqgJosqm54RvGuw4njl1I-ZYpjsP50CcbgAOPZOYyGjl6SkxExOfn4kUzxq0dSi_X9uZbYG9VhCbENDynWfegiXbEcVI6zu4Tix_xZMzlq8tHi1KbEYtI2llOTDal2_iQ.v2khlQnGJ4T6FANMJ8Cc5lXDuKJwKHYqVmA9ymLwLq4%26dib_tag%3Dse%26keywords%3Dtoy%2Bcars%26qid%3D1767618621%26sr%3D8-74-spons%26aref%3DQrc6nb0E8C%26sp_csd%3Dd2lkZ2V0TmFtZT1zcF9waG9uZV9zZWFyY2hfYnRm%26psc%3D1&aref=Qrc6nb0E8C&sp_cr=ZAZ
"Car Race Track Adventure Toys for 3+ Year Old Boys & Girls, Pre Educational Learning Puzzle Gift for Babies- Multicolor (Car Advanture Race Track)","1,499","₹3,999",,https://amazon.in/sspa/click?ie=UTF8&spc=MTozMzc5MzIwNTUyMDY0MTI0OjE3Njc2MTg2MjE6c3BfcGhvbmVfc2VhcmNoX2J0ZjozMDA3ODM5MTI3ODE4MzI6OjA6Og&url=%2FAmeeha-Adventure-Educational-Multicolor-Advanture%2Fdp%2FB0FPCMTGBT%2Fref%3Dmp_s_a_1_75_sspa%3Fdib%3DeyJ2IjoiMSJ9.LeE2KAziYTR4Zy81kzpM1yLWwBcxiYUDvCwYSCErVKsofF_-RK712uW54lMsG3xZy4PA5h-bJAq5pVbeErimRsqgJosqm54RvGuw4njl1I-ZYpjsP50CcbgAOPZOYyGjl6SkxExOfn4kUzxq0dSi_X9uZbYG9VhCbENDynWfegiXbEcVI6zu4Tix_xZMzlq8tHi1KbEYtI2llOTDal2_iQ.v2khlQnGJ4T6FANMJ8Cc5lXDuKJwKHYqVmA9ymLwLq4%26dib_tag%3Dse%26keywords%3Dtoy%2Bcars%26qid%3D1767618621%26sr%3D8-75-spons%26aref%3DCR9dPfgnYX%26sp_csd%3Dd2lkZ2V0TmFtZT1zcF9waG9uZV9zZWFyY2hfYnRm%26psc%3D1&aref=CR9dPfgnYX&sp_cr=ZAZ
"Chanak Premium Metal Die-Cast Sports Racer Metal Car with Realistic Engine Sound, LED Lights, Open & Close Doors, Pull Back Car Zinc Alloy for Kids Above 3 Years, BIS Approved (Black)",399,₹999,3.5 out of 5 stars,https://amazon.in/sspa/click?ie=UTF8&spc=MToxMTg2OTgwMjQyODU4OTk0OjE3Njc2MTg2Mjg6c3BfcGhvbmVfc2VhcmNoX2F0Zl9uZXh0OjMwMDU3MDEwNTAyOTkzMjo6MDo6&url=%2FChanak-Premium-Die-Cast-Realistic-Approved%2Fdp%2FB0CMJ7T5J2%2Fref%3Dmp_s_a_1_71_sspa%3Fdib%3DeyJ2IjoiMSJ9.e5_Rto8IkSnQBFvtokkPpIBKtciyopfRVVVPM9FgSK7lVdTLjJFqAMwGvMJvu8VR4e7OBqKpGwPC7nMluBdSh5vwEi7ByPnYnVtIdzwd1-f76E2MeslBGpTClgLncntkrveDWVx4lAz8ST0Uro1_Tdge8TFITjflTsyDhtIKo27H4kYdSkQ7djpr6sG8Iy2DvSCrLXsz7iSad2OrFANSTw.lEMz90IVj6t47ElhA17b_gfn50577CCBoNhr9vx1gJk%26dib_tag%3Dse%26keywords%3Dtoy%2Bcars%26qid%3D1767618628%26sr%3D8-71-spons%26aref%3DHj5quJY3HO%26sp_csd%3Dd2lkZ2V0TmFtZT1zcF9waG9uZV9zZWFyY2hfYXRmX25leHQ%26psc%3D1&aref=Hj5quJY3HO&sp_cr=ZAZ
Remote Control Drift Stunt Car 4WD | 360° Rotating | Dual Sided Climbing | High-Speed Tumbling | Rechargeable Stunt Car | C-Type Charging | Remote Control Car for Kids | Made in India. (Black),999,"₹3,999",5.0 out of 5 stars,https://amazon.in/Frendo-Rotating-Climbing-High-Speed-Rechargeable/dp/B0FYWTYXNW/ref=mp_s_a_1_72?dib=eyJ2IjoiMSJ9.e5_Rto8IkSnQBFvtokkPpIBKtciyopfRVVVPM9FgSK7lVdTLjJFqAMwGvMJvu8VR4e7OBqKpGwPC7nMluBdSh5vwEi7ByPnYnVtIdzwd1-f76E2MeslBGpTClgLncntkrveDWVx4lAz8ST0Uro1_Tdge8TFITjflTsyDhtIKo27H4kYdSkQ7djpr6sG8Iy2DvSCrLXsz7iSad2OrFANSTw.lEMz90IVj6t47ElhA17b_gfn50577CCBoNhr9vx1gJk&dib_tag=se&keywords=toy+cars&qid=1767618628&sr=8-72
Zest 4 Toyz Remote Control Car Toy for Kids RC Car 4x4 High-Speed 360° Rotation Rechargeable Battery Remote Cars for Boys 7-14 Years (Multicolor),"1,161","₹1,999",4.0 out of 5 stars,https://amazon.in/Zest-Toyz-High-Speed-Rechargeable-Multicolor/dp/B0F1YY6MYQ/ref=mp_s_a_1_73?dib=eyJ2IjoiMSJ9.e5_Rto8IkSnQBFvtokkPpIBKtciyopfRVVVPM9FgSK7lVdTLjJFqAMwGvMJvu8VR4e7OBqKpGwPC7nMluBdSh5vwEi7ByPnYnVtIdzwd1-f76E2MeslBGpTClgLncntkrveDWVx4lAz8ST0Uro1_Tdge8TFITjflTsyDhtIKo27H4kYdSkQ7djpr6sG8Iy2DvSCrLXsz7iSad2OrFANSTw.lEMz90IVj6t47ElhA17b_gfn50577CCBoNhr9vx1gJk&dib_tag=se&keywords=toy+cars&qid=1767618628&sr=8-73
Toy Imagine 4-Level Car Ramp Racer Toy with 4 Cars – Rolling Track Toy for Kids Ages 2–7 | Birthday Gift for Boys & Girls | Educational & Fun Car Toy Set | Colorful Racing Action,279,₹999,4.2 out of 5 stars,https://amazon.in/Toy-Imagine-Ramp-Race-Excitement/dp/B0D41P7TNQ/ref=mp_s_a_1_74?dib=eyJ2IjoiMSJ9.e5_Rto8IkSnQBFvtokkPpIBKtciyopfRVVVPM9FgSK7lVdTLjJFqAMwGvMJvu8VR4e7OBqKpGwPC7nMluBdSh5vwEi7ByPnYnVtIdzwd1-f76E2MeslBGpTClgLncntkrveDWVx4lAz8ST0Uro1_Tdge8TFITjflTsyDhtIKo27H4kYdSkQ7djpr6sG8Iy2DvSCrLXsz7iSad2OrFANSTw.lEMz90IVj6t47ElhA17b_gfn50577CCBoNhr9vx1gJk&dib_tag=se&keywords=toy+cars&qid=1767618628&sr=8-74
PRIME DEALS Tesla Cyber Truck 1:36 Model Car Exclusive Alloy Metal Pull Back Die-cast Car Diecast Metal Toy car with Openable Doors & Light Music Best Gifts Toys Kids Multi Color (Pack of 1),497,"₹1,299",4.0 out of 5 stars,https://amazon.in/PRIME-DEALS-Tesla-Cyber-Truck/dp/B0DQD7JWSD/ref=mp_s_a_1_75?dib=eyJ2IjoiMSJ9.e5_Rto8IkSnQBFvtokkPpIBKtciyopfRVVVPM9FgSK7lVdTLjJFqAMwGvMJvu8VR4e7OBqKpGwPC7nMluBdSh5vwEi7ByPnYnVtIdzwd1-f76E2MeslBGpTClgLncntkrveDWVx4lAz8ST0Uro1_Tdge8TFITjflTsyDhtIKo27H4kYdSkQ7djpr6sG8Iy2DvSCrLXsz7iSad2OrFANSTw.lEMz90IVj6t47ElhA17b_gfn50577CCBoNhr9vx1gJk&dib_tag=se&keywords=toy+cars&qid=1767618628&sr=8-75
"VGRASSP 1:32 Scale Mini Die Cast Open Roof SUV Police Car Toy for Kids with Pull Back Action - Off-Road Scale Model with Rubber Tires, Realistic Design Openable Doors - Color As Per Stock",325,₹799,4.2 out of 5 stars,https://amazon.in/VGRASSP-Police-Off-Road-Realistic-Openable/dp/B0FSR62G2V/ref=mp_s_a_1_76?dib=eyJ2IjoiMSJ9.e5_Rto8IkSnQBFvtokkPpIBKtciyopfRVVVPM9FgSK7lVdTLjJFqAMwGvMJvu8VR4e7OBqKpGwPC7nMluBdSh5vwEi7ByPnYnVtIdzwd1-f76E2MeslBGpTClgLncntkrveDWVx4lAz8ST0Uro1_Tdge8TFITjflTsyDhtIKo27H4kYdSkQ7djpr6sG8Iy2DvSCrLXsz7iSad2OrFANSTw.lEMz90IVj6t47ElhA17b_gfn50577CCBoNhr9vx1gJk&dib_tag=se&keywords=toy+cars&qid=1767618628&sr=8-76
"Centy Toys Plastic Ambassador Car, Pack Of 1, White, 4Y",229,₹275,4.2 out of 5 stars,https://amazon.in/Centy-Toys-Classic-Ambassador-Kidsshub/dp/B01CJVYUVM/ref=mp_s_a_1_77?dib=eyJ2IjoiMSJ9.e5_Rto8IkSnQBFvtokkPpIBKtciyopfRVVVPM9FgSK7lVdTLjJFqAMwGvMJvu8VR4e7OBqKpGwPC7nMluBdSh5vwEi7ByPnYnVtIdzwd1-f76E2MeslBGpTClgLncntkrveDWVx4lAz8ST0Uro1_Tdge8TFITjflTsyDhtIKo27H4kYdSkQ7djpr6sG8Iy2DvSCrLXsz7iSad2OrFANSTw.lEMz90IVj6t47ElhA17b_gfn50577CCBoNhr9vx1gJk&dib_tag=se&keywords=toy+cars&qid=1767618628&sr=8-77
Mitsu bishi Pajero 1.32 Scale Exclusive Alloy Metal Pull Back Die-cast Car Scale Model with Sound Light Mini Auto Toy for Kids Metal Model Toy Car with Sound and Light,864,"₹2,999",4.2 out of 5 stars,https://amazon.in/FEXXA-Exclusive-Die-cast-Version-PEJERO-Multicolor/dp/B0CJYKZDXZ/ref=mp_s_a_1_78?dib=eyJ2IjoiMSJ9.e5_Rto8IkSnQBFvtokkPpIBKtciyopfRVVVPM9FgSK7lVdTLjJFqAMwGvMJvu8VR4e7OBqKpGwPC7nMluBdSh5vwEi7ByPnYnVtIdzwd1-f76E2MeslBGpTClgLncntkrveDWVx4lAz8ST0Uro1_Tdge8TFITjflTsyDhtIKo27H4kYdSkQ7djpr6sG8Iy2DvSCrLXsz7iSad2OrFANSTw.lEMz90IVj6t47ElhA17b_gfn50577CCBoNhr9vx1gJk&dib_tag=se&keywords=toy+cars&qid=1767618628&sr=8-78
"Vintage Die-Cast Car Model 1:32 Scale | Alloy Metal Car with Openable Doors, Hood & Trunk | LED Headlight & Taillight with Sound | Pull Back & Go Toy for Kids & Collectors (Black)",999,"₹1,469",5.0 out of 5 stars,https://amazon.in/sspa/click?ie=UTF8&spc=MToxMTg2OTgwMjQyODU4OTk0OjE3Njc2MTg2Mjg6c3BfcGhvbmVfc2VhcmNoX210ZjozMDA4NzYxNDk4Mzg5MzI6OjA6Og&url=%2FHAPPY-CHAPPIE-Headlight-Taillight-Collectors%2Fdp%2FB0G5PV1NHQ%2Fref%3Dmp_s_a_1_79_sspa%3Fdib%3DeyJ2IjoiMSJ9.e5_Rto8IkSnQBFvtokkPpIBKtciyopfRVVVPM9FgSK7lVdTLjJFqAMwGvMJvu8VR4e7OBqKpGwPC7nMluBdSh5vwEi7ByPnYnVtIdzwd1-f76E2MeslBGpTClgLncntkrveDWVx4lAz8ST0Uro1_Tdge8TFITjflTsyDhtIKo27H4kYdSkQ7djpr6sG8Iy2DvSCrLXsz7iSad2OrFANSTw.lEMz90IVj6t47ElhA17b_gfn50577CCBoNhr9vx1gJk%26dib_tag%3Dse%26keywords%3Dtoy%2Bcars%26qid%3D1767618628%26sr%3D8-79-spons%26aref%3DXtEKdcb5dp%26sp_csd%3Dd2lkZ2V0TmFtZT1zcF9waG9uZV9zZWFyY2hfbXRm%26psc%3D1&aref=XtEKdcb5dp&sp_cr=ZAZ
Amazon Brand – Metal Die Cast 1:37 Bug | Orange | Collectible & Durable,369,"₹1,099",4.1 out of 5 stars,https://amazon.in/sspa/click?ie=UTF8&spc=MToxMTg2OTgwMjQyODU4OTk0OjE3Njc2MTg2Mjg6c3BfcGhvbmVfc2VhcmNoX210ZjozMDA3NTEwODA5OTk2MzI6OjA6Og&url=%2FAmazon-Brand-Orange-Collectible-Durable%2Fdp%2FB0FKZ42MJQ%2Fref%3Dmp_s_a_1_80_sspa%3Fdib%3DeyJ2IjoiMSJ9.e5_Rto8IkSnQBFvtokkPpIBKtciyopfRVVVPM9FgSK7lVdTLjJFqAMwGvMJvu8VR4e7OBqKpGwPC7nMluBdSh5vwEi7ByPnYnVtIdzwd1-f76E2MeslBGpTClgLncntkrveDWVx4lAz8ST0Uro1_Tdge8TFITjflTsyDhtIKo27H4kYdSkQ7djpr6sG8Iy2DvSCrLXsz7iSad2OrFANSTw.lEMz90IVj6t47ElhA17b_gfn50577CCBoNhr9vx1gJk%26dib_tag%3Dse%26keywords%3Dtoy%2Bcars%26qid%3D1767618628%26sr%3D8-80-spons%26aref%3DQrc6nb0E8C%26sp_csd%3Dd2lkZ2V0TmFtZT1zcF9waG9uZV9zZWFyY2hfbXRm%26psc%3D1&aref=Qrc6nb0E8C&sp_cr=ZAZ
RUBIGON Model Car 1:32 Exclusive Alloy Metal Pull Back Die-cast Car Die-cast Metal Pullback Toy car with Openable Doors & Light Music (RED),939,"₹1,999",4.2 out of 5 stars,https://amazon.in/JOY-JUNCTION-Jeep-Rubicon-Model/dp/B0D78L7Y7H/ref=mp_s_a_1_81?dib=eyJ2IjoiMSJ9.e5_Rto8IkSnQBFvtokkPpIBKtciyopfRVVVPM9FgSK7lVdTLjJFqAMwGvMJvu8VR4e7OBqKpGwPC7nMluBdSh5vwEi7ByPnYnVtIdzwd1-f76E2MeslBGpTClgLncntkrveDWVx4lAz8ST0Uro1_Tdge8TFITjflTsyDhtIKo27H4kYdSkQ7djpr6sG8Iy2DvSCrLXsz7iSad2OrFANSTw.lEMz90IVj6t47ElhA17b_gfn50577CCBoNhr9vx1gJk&dib_tag=se&keywords=toy+cars&qid=1767618628&sr=8-81
"FunBlast Metal Car for Kids Die-Cast Toy Car with Openable Doors, Miniature Toy Car for Kids, Friction Power Pull Back Car Toy for 3+ Year Old Boys, Kids (Maroon)",297,₹999,3.9 out of 5 stars,https://amazon.in/FunBlast-Car-Die-Cast-Openable-Miniature/dp/B0DFWXWG6R/ref=mp_s_a_1_82?dib=eyJ2IjoiMSJ9.e5_Rto8IkSnQBFvtokkPpIBKtciyopfRVVVPM9FgSK7lVdTLjJFqAMwGvMJvu8VR4e7OBqKpGwPC7nMluBdSh5vwEi7ByPnYnVtIdzwd1-f76E2MeslBGpTClgLncntkrveDWVx4lAz8ST0Uro1_Tdge8TFITjflTsyDhtIKo27H4kYdSkQ7djpr6sG8Iy2DvSCrLXsz7iSad2OrFANSTw.lEMz90IVj6t47ElhA17b_gfn50577CCBoNhr9vx1gJk&dib_tag=se&keywords=toy+cars&qid=1767618628&sr=8-82
"1:32 Scale Wrangler Rubicon Jeep Exclusive Alloy Metal Pull Back Die-cast Car Model with Sound Light Mini Auto Toy for Kids Metal Model Toy Car with Sound and Light,multicolor","1,037","₹2,999",4.2 out of 5 stars,https://amazon.in/FEXXA-Wrangler-Exclusive-Die-cast-Multicolor/dp/B0CM292VX7/ref=mp_s_a_1_83?dib=eyJ2IjoiMSJ9.e5_Rto8IkSnQBFvtokkPpIBKtciyopfRVVVPM9FgSK7lVdTLjJFqAMwGvMJvu8VR4e7OBqKpGwPC7nMluBdSh5vwEi7ByPnYnVtIdzwd1-f76E2MeslBGpTClgLncntkrveDWVx4lAz8ST0Uro1_Tdge8TFITjflTsyDhtIKo27H4kYdSkQ7djpr6sG8Iy2DvSCrLXsz7iSad2OrFANSTw.lEMz90IVj6t47ElhA17b_gfn50577CCBoNhr9vx1gJk&dib_tag=se&keywords=toy+cars&qid=1767618628&sr=8-83
"B.M.W.Model| Diecast Metal Toy car for Kids, Pullback, openable Doors, Random Color,(Pack of 1) car with 1 StorBIGfun TOYSe box-36||",299,₹899,,https://amazon.in/BIGfun-TOYS-B-M-W-Model-Pullback-StorBIGfun/dp/B0FD7KGZJM/ref=mp_s_a_1_84?dib=eyJ2IjoiMSJ9.e5_Rto8IkSnQBFvtokkPpIBKtciyopfRVVVPM9FgSK7lVdTLjJFqAMwGvMJvu8VR4e7OBqKpGwPC7nMluBdSh5vwEi7ByPnYnVtIdzwd1-f76E2MeslBGpTClgLncntkrveDWVx4lAz8ST0Uro1_Tdge8TFITjflTsyDhtIKo27H4kYdSkQ7djpr6sG8Iy2DvSCrLXsz7iSad2OrFANSTw.lEMz90IVj6t47ElhA17b_gfn50577CCBoNhr9vx1gJk&dib_tag=se&keywords=toy+cars&qid=1767618628&sr=8-84
"Gooyo GY149A Battery Operated Stunt Car Toy with Music & 4D Vibrant Light Effects | 360° Rotating Bump & Go Action Car Toy for Kids| Blue Color, Power Source: 3xAA Battery (Not Included)",259,₹499,3.9 out of 5 stars,https://amazon.in/Gooyo-Rotating-Electric-Dancing-Operated/dp/B081LF9LM2/ref=mp_s_a_1_85?dib=eyJ2IjoiMSJ9.e5_Rto8IkSnQBFvtokkPpIBKtciyopfRVVVPM9FgSK7lVdTLjJFqAMwGvMJvu8VR4e7OBqKpGwPC7nMluBdSh5vwEi7ByPnYnVtIdzwd1-f76E2MeslBGpTClgLncntkrveDWVx4lAz8ST0Uro1_Tdge8TFITjflTsyDhtIKo27H4kYdSkQ7djpr6sG8Iy2DvSCrLXsz7iSad2OrFANSTw.lEMz90IVj6t47ElhA17b_gfn50577CCBoNhr9vx1gJk&dib_tag=se&keywords=toy+cars&qid=1767618628&sr=8-85
"TEC TAVAKKAL Push And Go Construction Vehicles Set, 4 Pack Diy Take Apart Toys Construction Trucks With 1 Screwdriver Tools, Kids Building Cars Birthday For Boys Toddlers 1 To 10 Year Old,Yellow",298,₹999,4.2 out of 5 stars,https://amazon.in/TEC-TAVAKKAL-Construction-Vehicles-Screwdriver/dp/B08KHL5RFY/ref=mp_s_a_1_86?dib=eyJ2IjoiMSJ9.e5_Rto8IkSnQBFvtokkPpIBKtciyopfRVVVPM9FgSK7lVdTLjJFqAMwGvMJvu8VR4e7OBqKpGwPC7nMluBdSh5vwEi7ByPnYnVtIdzwd1-f76E2MeslBGpTClgLncntkrveDWVx4lAz8ST0Uro1_Tdge8TFITjflTsyDhtIKo27H4kYdSkQ7djpr6sG8Iy2DvSCrLXsz7iSad2OrFANSTw.lEMz90IVj6t47ElhA17b_gfn50577CCBoNhr9vx1gJk&dib_tag=se&keywords=toy+cars&qid=1767618628&sr=8-86
"Smartivity DIY Speed CAR Toy for Kids Ages 6-12 | F1- Racing Car with Launcher | Fun Birthday Gift for Boys and Girls | STEM Learning Car Toys for 6,7,8,9,10,11,12 Years",398.,₹479,4.3 out of 5 stars,https://amazon.in/Smartivity-Racing-Launcher-Birthday-Learning/dp/B0DSFSJKYC/ref=mp_s_a_1_87?dib=eyJ2IjoiMSJ9.e5_Rto8IkSnQBFvtokkPpIBKtciyopfRVVVPM9FgSK7lVdTLjJFqAMwGvMJvu8VR4e7OBqKpGwPC7nMluBdSh5vwEi7ByPnYnVtIdzwd1-f76E2MeslBGpTClgLncntkrveDWVx4lAz8ST0Uro1_Tdge8TFITjflTsyDhtIKo27H4kYdSkQ7djpr6sG8Iy2DvSCrLXsz7iSad2OrFANSTw.lEMz90IVj6t47ElhA17b_gfn50577CCBoNhr9vx1gJk&dib_tag=se&keywords=toy+cars&qid=1767618628&sr=8-87
"1:24 Scale Mercedes-Benz E300 Diecast Model Car, Alloy Metal Luxury Sedan Toy with Openable Doors, Pull Back Action, Sound & Light, Collectible Gift for Kids, Boys & Car Enthusiasts","1,999","₹3,999",,https://amazon.in/sspa/click?ie=UTF8&spc=MToxMTg2OTgwMjQyODU4OTk0OjE3Njc2MTg2Mjg6c3BfcGhvbmVfc2VhcmNoX2J0ZjozMDA3NjM4MzY5OTc5MzI6OjA6Og&url=%2FPROUDTORE-Mercedes-Benz-Openable-Collectible-Enthusiasts%2Fdp%2FB0FR32P6ML%2Fref%3Dmp_s_a_1_88_sspa%3Fdib%3DeyJ2IjoiMSJ9.e5_Rto8IkSnQBFvtokkPpIBKtciyopfRVVVPM9FgSK7lVdTLjJFqAMwGvMJvu8VR4e7OBqKpGwPC7nMluBdSh5vwEi7ByPnYnVtIdzwd1-f76E2MeslBGpTClgLncntkrveDWVx4lAz8ST0Uro1_Tdge8TFITjflTsyDhtIKo27H4kYdSkQ7djpr6sG8Iy2DvSCrLXsz7iSad2OrFANSTw.lEMz90IVj6t47ElhA17b_gfn50577CCBoNhr9vx1gJk%26dib_tag%3Dse%26keywords%3Dtoy%2Bcars%26qid%3D1767618628%26sr%3D8-88-spons%26aref%3D0kYlrYhPN2%26sp_csd%3Dd2lkZ2V0TmFtZT1zcF9waG9uZV9zZWFyY2hfYnRm%26psc%3D1&aref=0kYlrYhPN2&sp_cr=ZAZ
"Pull Back Cars Set, 48 Pieces Alloy Racing Car Toys, Metal Trucks Toy Vehicles, for Kids Ages 3-8, Party Favors","1,699","₹4,999",,https://amazon.in/sspa/click?ie=UTF8&spc=MToxMTg2OTgwMjQyODU4OTk0OjE3Njc2MTg2Mjg6c3BfcGhvbmVfc2VhcmNoX2J0ZjozMDA4NzUyNTQxMTM3MzI6OjA6Og&url=%2FSQURY-Pieces-Racing-Trucks-Vehicles%2Fdp%2FB0G71N9TFG%2Fref%3Dmp_s_a_1_89_sspa%3Fdib%3DeyJ2IjoiMSJ9.e5_Rto8IkSnQBFvtokkPpIBKtciyopfRVVVPM9FgSK7lVdTLjJFqAMwGvMJvu8VR4e7OBqKpGwPC7nMluBdSh5vwEi7ByPnYnVtIdzwd1-f76E2MeslBGpTClgLncntkrveDWVx4lAz8ST0Uro1_Tdge8TFITjflTsyDhtIKo27H4kYdSkQ7djpr6sG8Iy2DvSCrLXsz7iSad2OrFANSTw.lEMz90IVj6t47ElhA17b_gfn50577CCBoNhr9vx1gJk%26dib_tag%3Dse%26keywords%3Dtoy%2Bcars%26qid%3D1767618628%26sr%3D8-89-spons%26aref%3DuiL3OWczq3%26sp_csd%3Dd2lkZ2V0TmFtZT1zcF9waG9uZV9zZWFyY2hfYnRm%26psc%3D1&aref=uiL3OWczq3&sp_cr=ZAZ
"Chanak Premium Metal Die-Cast Sports Racer Metal Car with Realistic Engine Sound, LED Lights, Open & Close Doors, Pull Back Car Zinc Alloy for Kids Above 3 Years, BIS Approved (Black)",399,₹999,3.5 out of 5 stars,https://amazon.in/sspa/click?ie=UTF8&spc=MTo0MDAzNzg4OTgzMTAyNTEzOjE3Njc2MTg2Mzc6c3BfcGhvbmVfc2VhcmNoX2F0Zl9uZXh0OjMwMDU3MDEwNTAyOTkzMjo6MDo6&url=%2FChanak-Premium-Die-Cast-Realistic-Approved%2Fdp%2FB0CMJ7T5J2%2Fref%3Dmp_s_a_1_85_sspa%3Fdib%3DeyJ2IjoiMSJ9.PAD1ipZkHqdUo0sC5EpkpiI_GN6AiJL5tTIPJKf4X4pUTyKBhzoVg8v_nJubPEMO6Nps5n-GQzDFe8TTvELMSTHk2SaWOBdVOIATEnqDhtlIW33EEhnHGmOwS2AeRLXfyevbYRnAodbiXZ964p3gpP_mMr-aRNMzpLLf-80Ur5X06NkAuWttZPrxlx0lDr0pQcSjSXv4GVPqHOHaxDKjZg.dyd84QHgWDBsFvNmZnRg84tmW6fwxnYU4mYg4nNBnJ4%26dib_tag%3Dse%26keywords%3Dtoy%2Bcars%26qid%3D1767618637%26sr%3D8-85-spons%26aref%3DHj5quJY3HO%26sp_csd%3Dd2lkZ2V0TmFtZT1zcF9waG9uZV9zZWFyY2hfYXRmX25leHQ%26psc%3D1&aref=Hj5quJY3HO&sp_cr=ZAZ
Zest 4 Toyz Stunt Car 360 Degree Rotating Stunt Car Bump and Go Toy with 4D Lights & Sounds Musical Car Battery Operated Toy for Kids - Assorted (Pack of 1),319,₹599,3.9 out of 5 stars,https://amazon.in/Zest-Toyz-Rotating-Dancing-Operated/dp/B07XLTQ6DR/ref=mp_s_a_1_86?dib=eyJ2IjoiMSJ9.PAD1ipZkHqdUo0sC5EpkpiI_GN6AiJL5tTIPJKf4X4pUTyKBhzoVg8v_nJubPEMO6Nps5n-GQzDFe8TTvELMSTHk2SaWOBdVOIATEnqDhtlIW33EEhnHGmOwS2AeRLXfyevbYRnAodbiXZ964p3gpP_mMr-aRNMzpLLf-80Ur5X06NkAuWttZPrxlx0lDr0pQcSjSXv4GVPqHOHaxDKjZg.dyd84QHgWDBsFvNmZnRg84tmW6fwxnYU4mYg4nNBnJ4&dib_tag=se&keywords=toy+cars&qid=1767618637&sr=8-86
"Smartivity DIY Speed CAR Toy for Kids Ages 6-12 | F1- Racing Car with Launcher | Fun Birthday Gift for Boys and Girls | STEM Learning Car Toys for 6,7,8,9,10,11,12 Years",398.,₹479,4.3 out of 5 stars,https://amazon.in/Smartivity-Racing-Launcher-Birthday-Learning/dp/B0DSFSJKYC/ref=mp_s_a_1_87?dib=eyJ2IjoiMSJ9.PAD1ipZkHqdUo0sC5EpkpiI_GN6AiJL5tTIPJKf4X4pUTyKBhzoVg8v_nJubPEMO6Nps5n-GQzDFe8TTvELMSTHk2SaWOBdVOIATEnqDhtlIW33EEhnHGmOwS2AeRLXfyevbYRnAodbiXZ964p3gpP_mMr-aRNMzpLLf-80Ur5X06NkAuWttZPrxlx0lDr0pQcSjSXv4GVPqHOHaxDKjZg.dyd84QHgWDBsFvNmZnRg84tmW6fwxnYU4mYg4nNBnJ4&dib_tag=se&keywords=toy+cars&qid=1767618637&sr=8-87
"Niku 4X4 Mini Monster Friction Truck Toy for Kids Boys Girls Age 3-8 | 360 Drift Stunt car | Push and Go Forward Car | Birthday Party Gift for Kids (Pack of 2, Multicolor)",113.,₹249,3.8 out of 5 stars,https://amazon.in/Niku-Monster-Friction-Birthday-Multicolor/dp/B0CPW7TPHX/ref=mp_s_a_1_88?dib=eyJ2IjoiMSJ9.PAD1ipZkHqdUo0sC5EpkpiI_GN6AiJL5tTIPJKf4X4pUTyKBhzoVg8v_nJubPEMO6Nps5n-GQzDFe8TTvELMSTHk2SaWOBdVOIATEnqDhtlIW33EEhnHGmOwS2AeRLXfyevbYRnAodbiXZ964p3gpP_mMr-aRNMzpLLf-80Ur5X06NkAuWttZPrxlx0lDr0pQcSjSXv4GVPqHOHaxDKjZg.dyd84QHgWDBsFvNmZnRg84tmW6fwxnYU4mYg4nNBnJ4&dib_tag=se&keywords=toy+cars&qid=1767618637&sr=8-88
Centy Public Truck - (Color may vary),296,₹308,4.2 out of 5 stars,https://amazon.in/Centy-Public-Truck-Color-vary/dp/B00ET0TTQI/ref=mp_s_a_1_89?dib=eyJ2IjoiMSJ9.PAD1ipZkHqdUo0sC5EpkpiI_GN6AiJL5tTIPJKf4X4pUTyKBhzoVg8v_nJubPEMO6Nps5n-GQzDFe8TTvELMSTHk2SaWOBdVOIATEnqDhtlIW33EEhnHGmOwS2AeRLXfyevbYRnAodbiXZ964p3gpP_mMr-aRNMzpLLf-80Ur5X06NkAuWttZPrxlx0lDr0pQcSjSXv4GVPqHOHaxDKjZg.dyd84QHgWDBsFvNmZnRg84tmW6fwxnYU4mYg4nNBnJ4&dib_tag=se&keywords=toy+cars&qid=1767618637&sr=8-89
"1:32 Scale Wrangler Rubicon Jeep Exclusive Alloy Metal Pull Back Die-cast Car Model with Sound Light Mini Auto Toy for Kids Metal Model Toy Car with Sound and Light,multicolor","1,037","₹2,999",4.2 out of 5 stars,https://amazon.in/FEXXA-Wrangler-Exclusive-Die-cast-Multicolor/dp/B0CM292VX7/ref=mp_s_a_1_90?dib=eyJ2IjoiMSJ9.PAD1ipZkHqdUo0sC5EpkpiI_GN6AiJL5tTIPJKf4X4pUTyKBhzoVg8v_nJubPEMO6Nps5n-GQzDFe8TTvELMSTHk2SaWOBdVOIATEnqDhtlIW33EEhnHGmOwS2AeRLXfyevbYRnAodbiXZ964p3gpP_mMr-aRNMzpLLf-80Ur5X06NkAuWttZPrxlx0lDr0pQcSjSXv4GVPqHOHaxDKjZg.dyd84QHgWDBsFvNmZnRg84tmW6fwxnYU4mYg4nNBnJ4&dib_tag=se&keywords=toy+cars&qid=1767618637&sr=8-90
Porche Model Car 1:32 Exclusive Alloy Metal Pull Back Die-cast Car Die-cast Metal Pullback Toy car with Openable Doors & Light Music (Black),894,"₹1,999",4.4 out of 5 stars,https://amazon.in/JOY-JUNCTION-Porche-Model-Car/dp/B0D8B7RTWB/ref=mp_s_a_1_91?dib=eyJ2IjoiMSJ9.PAD1ipZkHqdUo0sC5EpkpiI_GN6AiJL5tTIPJKf4X4pUTyKBhzoVg8v_nJubPEMO6Nps5n-GQzDFe8TTvELMSTHk2SaWOBdVOIATEnqDhtlIW33EEhnHGmOwS2AeRLXfyevbYRnAodbiXZ964p3gpP_mMr-aRNMzpLLf-80Ur5X06NkAuWttZPrxlx0lDr0pQcSjSXv4GVPqHOHaxDKjZg.dyd84QHgWDBsFvNmZnRg84tmW6fwxnYU4mYg4nNBnJ4&dib_tag=se&keywords=toy+cars&qid=1767618637&sr=8-91
"Centy Toys Skuba Pull Back Car Multicolor, Kid",204,₹314,4.1 out of 5 stars,https://amazon.in/Centy-Toys-Skuba-Multi-Color/dp/B011NXC35C/ref=mp_s_a_1_92?dib=eyJ2IjoiMSJ9.PAD1ipZkHqdUo0sC5EpkpiI_GN6AiJL5tTIPJKf4X4pUTyKBhzoVg8v_nJubPEMO6Nps5n-GQzDFe8TTvELMSTHk2SaWOBdVOIATEnqDhtlIW33EEhnHGmOwS2AeRLXfyevbYRnAodbiXZ964p3gpP_mMr-aRNMzpLLf-80Ur5X06NkAuWttZPrxlx0lDr0pQcSjSXv4GVPqHOHaxDKjZg.dyd84QHgWDBsFvNmZnRg84tmW6fwxnYU4mYg4nNBnJ4&dib_tag=se&keywords=toy+cars&qid=1767618637&sr=8-92
"Vintage Die-Cast Car Model 1:32 Scale | Alloy Metal Car with Openable Doors, Hood & Trunk | LED Headlight & Taillight with Sound | Pull Back & Go Toy for Kids & Collectors (Black)",999,"₹1,469",5.0 out of 5 stars,https://amazon.in/sspa/click?ie=UTF8&spc=MTo0MDAzNzg4OTgzMTAyNTEzOjE3Njc2MTg2Mzc6c3BfcGhvbmVfc2VhcmNoX210ZjozMDA4NzYxNDk4Mzg5MzI6OjA6Og&url=%2FHAPPY-CHAPPIE-Headlight-Taillight-Collectors%2Fdp%2FB0G5PV1NHQ%2Fref%3Dmp_s_a_1_93_sspa%3Fdib%3DeyJ2IjoiMSJ9.PAD1ipZkHqdUo0sC5EpkpiI_GN6AiJL5tTIPJKf4X4pUTyKBhzoVg8v_nJubPEMO6Nps5n-GQzDFe8TTvELMSTHk2SaWOBdVOIATEnqDhtlIW33EEhnHGmOwS2AeRLXfyevbYRnAodbiXZ964p3gpP_mMr-aRNMzpLLf-80Ur5X06NkAuWttZPrxlx0lDr0pQcSjSXv4GVPqHOHaxDKjZg.dyd84QHgWDBsFvNmZnRg84tmW6fwxnYU4mYg4nNBnJ4%26dib_tag%3Dse%26keywords%3Dtoy%2Bcars%26qid%3D1767618637%26sr%3D8-93-spons%26aref%3DXtEKdcb5dp%26sp_csd%3Dd2lkZ2V0TmFtZT1zcF9waG9uZV9zZWFyY2hfbXRm%26psc%3D1&aref=XtEKdcb5dp&sp_cr=ZAZ
Amazon Brand – Metal Die Cast 1:37 Bug | Orange | Collectible & Durable,369,"₹1,099",4.1 out of 5 stars,https://amazon.in/sspa/click?ie=UTF8&spc=MTo0MDAzNzg4OTgzMTAyNTEzOjE3Njc2MTg2Mzc6c3BfcGhvbmVfc2VhcmNoX210ZjozMDA3NTEwODA5OTk2MzI6OjA6Og&url=%2FAmazon-Brand-Orange-Collectible-Durable%2Fdp%2FB0FKZ42MJQ%2Fref%3Dmp_s_a_1_94_sspa%3Fdib%3DeyJ2IjoiMSJ9.PAD1ipZkHqdUo0sC5EpkpiI_GN6AiJL5tTIPJKf4X4pUTyKBhzoVg8v_nJubPEMO6Nps5n-GQzDFe8TTvELMSTHk2SaWOBdVOIATEnqDhtlIW33EEhnHGmOwS2AeRLXfyevbYRnAodbiXZ964p3gpP_mMr-aRNMzpLLf-80Ur5X06NkAuWttZPrxlx0lDr0pQcSjSXv4GVPqHOHaxDKjZg.dyd84QHgWDBsFvNmZnRg84tmW6fwxnYU4mYg4nNBnJ4%26dib_tag%3Dse%26keywords%3Dtoy%2Bcars%26qid%3D1767618637%26sr%3D8-94-spons%26aref%3DQrc6nb0E8C%26sp_csd%3Dd2lkZ2V0TmFtZT1zcF9waG9uZV9zZWFyY2hfbXRm%26psc%3D1&aref=Qrc6nb0E8C&sp_cr=ZAZ
Toyshine Pack of 4 Toy Cars Push and Go Play Set Friction Powered Car Pull Back Vehicles Transport Tools Gifts for Babies Toddlers Kids Boys Girls Age 3+ Years Old,552,"₹1,999",4.2 out of 5 stars,https://amazon.in/Toyshine-Friction-Vehicles-Transport-Toddlers/dp/B0FF1QVN2Z/ref=mp_s_a_1_95?dib=eyJ2IjoiMSJ9.PAD1ipZkHqdUo0sC5EpkpiI_GN6AiJL5tTIPJKf4X4pUTyKBhzoVg8v_nJubPEMO6Nps5n-GQzDFe8TTvELMSTHk2SaWOBdVOIATEnqDhtlIW33EEhnHGmOwS2AeRLXfyevbYRnAodbiXZ964p3gpP_mMr-aRNMzpLLf-80Ur5X06NkAuWttZPrxlx0lDr0pQcSjSXv4GVPqHOHaxDKjZg.dyd84QHgWDBsFvNmZnRg84tmW6fwxnYU4mYg4nNBnJ4&dib_tag=se&keywords=toy+cars&qid=1767618637&sr=8-95
"Galaxy Hi-Tech® Pull Back Car Exclusive, Non Toxic Unbreakable Automobile Car Toy Set, Pull Back Truck Toy Aeroplane Set for Kids Boy and Girl (Multi Colour, Pack of 7)",363,"₹1,999",4.1 out of 5 stars,https://amazon.in/Galaxy-Exclusive-Unbreakable-Automobile-Aeroplane/dp/B07X9SCR2F/ref=mp_s_a_1_96?dib=eyJ2IjoiMSJ9.PAD1ipZkHqdUo0sC5EpkpiI_GN6AiJL5tTIPJKf4X4pUTyKBhzoVg8v_nJubPEMO6Nps5n-GQzDFe8TTvELMSTHk2SaWOBdVOIATEnqDhtlIW33EEhnHGmOwS2AeRLXfyevbYRnAodbiXZ964p3gpP_mMr-aRNMzpLLf-80Ur5X06NkAuWttZPrxlx0lDr0pQcSjSXv4GVPqHOHaxDKjZg.dyd84QHgWDBsFvNmZnRg84tmW6fwxnYU4mYg4nNBnJ4&dib_tag=se&keywords=toy+cars&qid=1767618637&sr=8-96
"PRIME DEALS Metal Die Cast Racers Series Small Metal Vehicles Car Set of-6 Toy Vehicle Unbreakable Car for Kids, Small Racing for Competition and Story Play Toy Play Set for Kids",394,"₹1,499",4.4 out of 5 stars,https://amazon.in/PRIME-DEALS-Vehicles-Unbreakable-Competition/dp/B0D83Q4PSZ/ref=mp_s_a_1_97?dib=eyJ2IjoiMSJ9.PAD1ipZkHqdUo0sC5EpkpiI_GN6AiJL5tTIPJKf4X4pUTyKBhzoVg8v_nJubPEMO6Nps5n-GQzDFe8TTvELMSTHk2SaWOBdVOIATEnqDhtlIW33EEhnHGmOwS2AeRLXfyevbYRnAodbiXZ964p3gpP_mMr-aRNMzpLLf-80Ur5X06NkAuWttZPrxlx0lDr0pQcSjSXv4GVPqHOHaxDKjZg.dyd84QHgWDBsFvNmZnRg84tmW6fwxnYU4mYg4nNBnJ4&dib_tag=se&keywords=toy+cars&qid=1767618637&sr=8-97
1:32 Scale Exclusive Alloy Metal Pull Back Die-cast Car Model with Sound Light Mini Auto Toy for Kids Metal Model Toy Car with Sound and Light? (Fast & Furious 7-Black),954,"₹2,999",4.3 out of 5 stars,https://amazon.in/FEXXA-Exclusive-Die-cast-Furious-7-BLACK/dp/B0CXJG43B8/ref=mp_s_a_1_98?dib=eyJ2IjoiMSJ9.PAD1ipZkHqdUo0sC5EpkpiI_GN6AiJL5tTIPJKf4X4pUTyKBhzoVg8v_nJubPEMO6Nps5n-GQzDFe8TTvELMSTHk2SaWOBdVOIATEnqDhtlIW33EEhnHGmOwS2AeRLXfyevbYRnAodbiXZ964p3gpP_mMr-aRNMzpLLf-80Ur5X06NkAuWttZPrxlx0lDr0pQcSjSXv4GVPqHOHaxDKjZg.dyd84QHgWDBsFvNmZnRg84tmW6fwxnYU4mYg4nNBnJ4&dib_tag=se&keywords=toy+cars&qid=1767618637&sr=8-98
TEC TAVAKKAL Rc Monster Truck Remote Control Car for Kids Rock Crawler 5 Function 1:18 Rc Toys for Boys 2Wd Offroad High Speed Remote Car Toys for Kids 5 Years 12 – Black (Without Mist Spray),715,"₹1,999",4.0 out of 5 stars,https://amazon.in/TEC-TAVAKKAL-Rechargable-RC-Function/dp/B0DFYR8PGT/ref=mp_s_a_1_99?dib=eyJ2IjoiMSJ9.PAD1ipZkHqdUo0sC5EpkpiI_GN6AiJL5tTIPJKf4X4pUTyKBhzoVg8v_nJubPEMO6Nps5n-GQzDFe8TTvELMSTHk2SaWOBdVOIATEnqDhtlIW33EEhnHGmOwS2AeRLXfyevbYRnAodbiXZ964p3gpP_mMr-aRNMzpLLf-80Ur5X06NkAuWttZPrxlx0lDr0pQcSjSXv4GVPqHOHaxDKjZg.dyd84QHgWDBsFvNmZnRg84tmW6fwxnYU4mYg4nNBnJ4&dib_tag=se&keywords=toy+cars&qid=1767618637&sr=8-99
Wembley Rock Crawler Monster Truck| Remote Control Car Toy for Boys| Powerful Rechargeable RC Car| Multifunctional Rock Climbing Toys for Kids with 5 Functions for Kids (Black),849,"₹1,599",3.9 out of 5 stars,https://amazon.in/Wembley-Powerful-Rechargeable-Multifunctional-Functions/dp/B0F79MYWX5/ref=mp_s_a_1_100?dib=eyJ2IjoiMSJ9.PAD1ipZkHqdUo0sC5EpkpiI_GN6AiJL5tTIPJKf4X4pUTyKBhzoVg8v_nJubPEMO6Nps5n-GQzDFe8TTvELMSTHk2SaWOBdVOIATEnqDhtlIW33EEhnHGmOwS2AeRLXfyevbYRnAodbiXZ964p3gpP_mMr-aRNMzpLLf-80Ur5X06NkAuWttZPrxlx0lDr0pQcSjSXv4GVPqHOHaxDKjZg.dyd84QHgWDBsFvNmZnRg84tmW6fwxnYU4mYg4nNBnJ4&dib_tag=se&keywords=toy+cars&qid=1767618637&sr=8-100
TOYZONE Friction Powered Mini Truck Series | Made in India | Friction Powered Toy | Unbreakable City Service Truck | Pull Back | Push & Go Crawling Toys (City Service Truck Dumper),134,₹199,4.0 out of 5 stars,https://amazon.in/Toyzone-Friction-Powered-Unbreakable-Crawling/dp/B0BR49LMDG/ref=mp_s_a_1_101?dib=eyJ2IjoiMSJ9.PAD1ipZkHqdUo0sC5EpkpiI_GN6AiJL5tTIPJKf4X4pUTyKBhzoVg8v_nJubPEMO6Nps5n-GQzDFe8TTvELMSTHk2SaWOBdVOIATEnqDhtlIW33EEhnHGmOwS2AeRLXfyevbYRnAodbiXZ964p3gpP_mMr-aRNMzpLLf-80Ur5X06NkAuWttZPrxlx0lDr0pQcSjSXv4GVPqHOHaxDKjZg.dyd84QHgWDBsFvNmZnRg84tmW6fwxnYU4mYg4nNBnJ4&dib_tag=se&keywords=toy+cars&qid=1767618637&sr=8-101
"1:24 Scale Mercedes-Benz E300 Diecast Model Car, Alloy Metal Luxury Sedan Toy with Openable Doors, Pull Back Action, Sound & Light, Collectible Gift for Kids, Boys & Car Enthusiasts","1,999","₹3,999",,https://amazon.in/sspa/click?ie=UTF8&spc=MTo0MDAzNzg4OTgzMTAyNTEzOjE3Njc2MTg2Mzc6c3BfcGhvbmVfc2VhcmNoX2J0ZjozMDA3NjM4MzY5OTc5MzI6OjA6Og&url=%2FPROUDTORE-Mercedes-Benz-Openable-Collectible-Enthusiasts%2Fdp%2FB0FR32P6ML%2Fref%3Dmp_s_a_1_102_sspa%3Fdib%3DeyJ2IjoiMSJ9.PAD1ipZkHqdUo0sC5EpkpiI_GN6AiJL5tTIPJKf4X4pUTyKBhzoVg8v_nJubPEMO6Nps5n-GQzDFe8TTvELMSTHk2SaWOBdVOIATEnqDhtlIW33EEhnHGmOwS2AeRLXfyevbYRnAodbiXZ964p3gpP_mMr-aRNMzpLLf-80Ur5X06NkAuWttZPrxlx0lDr0pQcSjSXv4GVPqHOHaxDKjZg.dyd84QHgWDBsFvNmZnRg84tmW6fwxnYU4mYg4nNBnJ4%26dib_tag%3Dse%26keywords%3Dtoy%2Bcars%26qid%3D1767618637%26sr%3D8-102-spons%26aref%3D0kYlrYhPN2%26sp_csd%3Dd2lkZ2V0TmFtZT1zcF9waG9uZV9zZWFyY2hfYnRm%26psc%3D1&aref=0kYlrYhPN2&sp_cr=ZAZ
1:22 Lamborghini V12 Vision Gran Turismo Model Alloy Pull Back Toy car with Openable Doors & Sound and Light for Kids - Multicolor,"1,999","₹3,999",5.0 out of 5 stars,https://amazon.in/sspa/click?ie=UTF8&spc=MTo0MDAzNzg4OTgzMTAyNTEzOjE3Njc2MTg2Mzc6c3BfcGhvbmVfc2VhcmNoX2J0ZjozMDA3NjM4MzY5OTgzMzI6OjA6Og&url=%2FPROUDTORE-Lamborghini-Turismo-Openable-Multicolor%2Fdp%2FB0FQCG21PB%2Fref%3Dmp_s_a_1_103_sspa%3Fdib%3DeyJ2IjoiMSJ9.PAD1ipZkHqdUo0sC5EpkpiI_GN6AiJL5tTIPJKf4X4pUTyKBhzoVg8v_nJubPEMO6Nps5n-GQzDFe8TTvELMSTHk2SaWOBdVOIATEnqDhtlIW33EEhnHGmOwS2AeRLXfyevbYRnAodbiXZ964p3gpP_mMr-aRNMzpLLf-80Ur5X06NkAuWttZPrxlx0lDr0pQcSjSXv4GVPqHOHaxDKjZg.dyd84QHgWDBsFvNmZnRg84tmW6fwxnYU4mYg4nNBnJ4%26dib_tag%3Dse%26keywords%3Dtoy%2Bcars%26qid%3D1767618637%26sr%3D8-103-spons%26aref%3DPAGJOnJSQB%26sp_csd%3Dd2lkZ2V0TmFtZT1zcF9waG9uZV9zZWFyY2hfYnRm%26psc%3D1&aref=PAGJOnJSQB&sp_cr=ZAZ
